code,PI,name,pre_close,price,change,time
002419,3.9935064935064934,天虹股份,11.510,11.650,1.22,09:30
603105,3.5093167701863357,芯能科技,23.950,24.600,2.71,09:30
000938,3.386773547094188,紫光股份,45.180,45.730,1.22,09:30
000601,3.136094674556213,韶能股份,5.040,5.130,1.79,09:30
300392,3.009566165981371,腾信股份,8.990,9.680,7.68,09:30
002338,2.886002886002886,奥普光电,13.420,13.960,4.02,09:30
603616,2.8424657534246576,韩建河山,12.230,12.450,1.80,09:30
600769,2.7369769427839454,祥龙电业,4.990,5.190,4.01,09:30
300046,2.479641693811075,台基股份,15.830,16.100,1.71,09:30
603797,2.390891840607211,联泰环保,14.000,14.460,3.29,09:30
002614,2.3387096774193545,奥佳华,17.380,17.920,3.11,09:30
600990,2.3300970873786406,四创电子,35.230,36.140,2.58,09:30
300584,2.321428571428571,海辰药业,32.580,34.000,4.36,09:30
000856,2.151067323481117,冀东装备,12.400,12.870,3.79,09:30
601069,2.129032258064516,西部黄金,15.760,16.210,2.86,09:30
002270,2.0363164721141374,华明装备,4.790,5.180,8.14,09:30
300047,2.012847965738758,天源迪科,13.800,14.050,1.81,09:30
600520,1.9565217391304348,文一科技,16.450,16.830,2.31,09:30
002356,4.087956698240866,赫美集团,11.020,11.950,8.44,09:31
002916,3.5494880546075085,深南电路,65.310,66.400,1.67,09:31
002419,3.1862312444836713,天虹股份,11.510,11.640,1.13,09:31
300684,3.1443298969072164,中石科技,84.160,87.800,4.33,09:31
600547,3.1296171927468097,山东黄金,22.390,22.920,2.37,09:31
300392,3.049263873159683,腾信股份,8.990,9.540,6.12,09:31
300312,2.848741794310722,邦讯技术,8.440,8.990,6.52,09:31
000010,2.7374156720290608,美丽生态,4.540,4.630,1.98,09:31
002315,2.6933158584534733,焦点科技,16.970,17.180,1.24,09:31
002041,2.4981027068049584,登海种业,6.830,6.950,1.76,09:31
000861,2.3606098288394852,海印股份,2.740,2.800,2.19,09:31
603616,2.2644472361809047,韩建河山,12.230,12.410,1.47,09:31
300513,2.232142857142857,恒泰实达,22.860,23.150,1.27,09:31
002808,2.2222222222222223,苏州恒久,10.630,10.780,1.41,09:31
000411,2.092696629213483,英特集团,14.610,15.070,3.15,09:31
000601,2.0514390691977957,韶能股份,5.040,5.140,1.98,09:31
600986,2.0163202678197796,科达股份,6.120,6.370,4.08,09:31
300091,1.9752520623281393,金通灵,10.000,10.140,1.40,09:31
600769,3.9529411764705884,祥龙电业,4.990,5.490,10.02,09:32
000010,2.927394438722966,美丽生态,4.540,4.610,1.54,09:32
300604,2.713310580204778,长川科技,40.110,40.820,1.77,09:32
002419,2.6545595054095825,天虹股份,11.510,11.670,1.39,09:32
002138,2.600250626566416,顺络电子,18.800,19.170,1.97,09:32
000861,2.541626252828969,海印股份,2.740,2.810,2.55,09:32
002614,2.480769230769231,奥佳华,17.380,17.800,2.42,09:32
600520,2.2210743801652892,文一科技,16.450,17.180,4.44,09:32
300392,2.1129707112970713,腾信股份,8.990,9.780,8.79,09:32
600773,1.9953596287703017,西藏城投,7.950,8.490,6.79,09:32
002648,1.9952380952380953,卫星石化,9.380,9.750,3.94,09:32
601011,1.948282938842523,宝泰隆,6.410,6.610,3.12,09:32
000601,1.9408208717785556,韶能股份,5.040,5.130,1.79,09:32
002356,1.8972780298120544,赫美集团,11.020,11.730,6.44,09:32
002563,1.8840579710144927,森马服饰,11.680,11.820,1.20,09:32
600988,1.873068205233876,赤峰黄金,5.050,5.210,3.17,09:32
603225,1.865671641791045,新凤鸣,22.160,22.430,1.22,09:32
002753,1.8553459119496856,永东股份,12.530,13.010,3.83,09:32
600179,3.9721317408613825,安通控股,9.890,10.050,1.62,09:33
002138,3.0599144079885874,顺络电子,18.800,19.160,1.91,09:33
300667,2.8484848484848486,必创科技,30.200,30.860,2.19,09:33
600877,2.7884869289675205,ST嘉陵,4.970,5.180,4.23,09:33
300498,2.664319248826291,温氏股份,22.460,22.780,1.42,09:33
002563,2.6452905811623246,森马服饰,11.680,11.880,1.71,09:33
000861,2.6075662178308203,海印股份,2.740,2.800,2.19,09:33
600673,2.545248868778281,东阳光科,8.330,8.420,1.08,09:33
002614,2.5,奥佳华,17.380,18.050,3.85,09:33
300047,2.4872122762148337,天源迪科,13.800,14.250,3.26,09:33
300684,2.464788732394366,中石科技,84.160,86.830,3.17,09:33
600740,2.454948710840033,山西焦化,11.260,11.380,1.07,09:33
603877,2.4152542372881354,太平鸟,24.700,25.140,1.78,09:33
000411,2.324561403508772,英特集团,14.610,15.150,3.70,09:33
000010,2.2730739893211287,美丽生态,4.540,4.640,2.20,09:33
600990,2.2222222222222223,四创电子,35.230,36.740,4.29,09:33
300658,2.210144927536232,延江股份,16.030,16.500,2.93,09:33
002361,2.1643109540636045,神剑股份,4.200,4.300,2.38,09:33
000938,3.34375,紫光股份,45.180,46.900,3.81,09:34
600877,3.337046789548309,ST嘉陵,4.970,5.180,4.23,09:34
300392,3.170143323400028,腾信股份,8.990,9.860,9.68,09:34
600986,3.099025651222907,科达股份,6.120,6.440,5.23,09:34
600990,3.032520325203252,四创电子,35.230,36.480,3.55,09:34
600769,2.8364709187974153,祥龙电业,4.990,5.310,6.41,09:34
603616,2.7860528097494925,韩建河山,12.230,12.470,1.96,09:34
600520,2.65625,文一科技,16.450,17.190,4.50,09:34
300513,2.5806451612903225,恒泰实达,22.860,23.380,2.27,09:34
000861,2.543771489024068,海印股份,2.740,2.770,1.09,09:34
300523,2.5,辰安科技,65.000,66.010,1.55,09:34
300684,2.4782608695652173,中石科技,84.160,86.790,3.12,09:34
002410,2.4780701754385963,广联达,28.990,29.500,1.76,09:34
603018,2.4314442413162705,中设集团,17.180,17.480,1.75,09:34
002356,2.364190687361419,赫美集团,11.020,11.860,7.62,09:34
600973,2.288008028098344,宝胜股份,3.780,4.140,9.52,09:34
600271,2.2226027397260273,航天信息,28.020,28.580,2.00,09:34
002776,2.20440557175251,柏堡龙,13.490,13.900,3.04,09:34
600877,4.582438558816512,ST嘉陵,4.970,5.210,4.83,09:35
002410,2.98937784522003,广联达,28.990,29.480,1.69,09:35
002912,2.9054054054054053,中新赛克,96.750,97.900,1.19,09:35
300667,2.8514056224899598,必创科技,30.200,30.690,1.62,09:35
002648,2.668500687757909,卫星石化,9.380,10.080,7.46,09:35
600773,2.577615444821289,西藏城投,7.950,8.410,5.79,09:35
002753,2.5431357839459867,永东股份,12.530,12.970,3.51,09:35
002488,2.5184331797235022,金固股份,11.430,11.950,4.55,09:35
300602,2.37603305785124,飞荣达,39.810,40.400,1.48,09:35
603105,2.3207401696222054,芯能科技,23.950,25.180,5.14,09:35
600682,2.2106325706594885,南京新百,11.640,12.000,3.09,09:35
300047,2.200772200772201,天源迪科,13.800,14.300,3.62,09:35
600845,2.119205298013245,宝信软件,26.210,26.550,1.30,09:35
603018,2.1163575042158516,中设集团,17.180,17.470,1.69,09:35
000411,2.0667957405614716,英特集团,14.610,14.980,2.53,09:35
300086,2.03037120359955,康芝药业,7.320,7.460,1.91,09:35
300684,2.0089285714285716,中石科技,84.160,85.150,1.18,09:35
000861,1.989806551848273,海印股份,2.740,2.780,1.46,09:35
600877,3.923826818312148,ST嘉陵,4.970,5.210,4.83,09:37
000938,3.888888888888889,紫光股份,45.180,47.000,4.03,09:37
300357,3.404669260700389,我武生物,39.150,39.620,1.20,09:37
600973,3.358311563316376,宝胜股份,3.780,3.970,5.03,09:37
600271,3.1988950276243093,航天信息,28.020,28.510,1.75,09:37
300667,3.013595166163142,必创科技,30.200,30.950,2.48,09:37
300513,2.4935064935064934,恒泰实达,22.860,23.300,1.92,09:37
002741,2.4371859296482414,光华科技,14.730,15.020,1.97,09:37
603797,2.4183303085299457,联泰环保,14.000,14.330,2.36,09:37
600845,2.3534269199009086,宝信软件,26.210,26.550,1.30,09:37
300601,2.303070761014686,康泰生物,41.880,42.600,1.72,09:37
300086,2.2184873949579833,康芝药业,7.320,7.460,1.91,09:37
300384,2.162921348314607,三联虹普,35.600,36.480,2.47,09:37
600967,2.162017167381974,内蒙一机,12.380,12.560,1.45,09:37
300047,2.139800285306705,天源迪科,13.800,14.350,3.99,09:37
002563,2.1141649048625792,森马服饰,11.680,11.830,1.28,09:37
600179,2.0918367346938775,安通控股,9.890,10.000,1.11,09:37
000998,2.0875763747454177,隆平高科,18.940,19.220,1.48,09:37
300667,3.898858075040783,必创科技,30.200,31.280,3.58,09:38
300357,3.79136690647482,我武生物,39.150,39.880,1.86,09:38
300322,3.6265950302216257,硕贝德,8.420,8.970,6.53,09:38
600877,3.6003025464324736,ST嘉陵,4.970,5.180,4.23,09:38
002741,2.7195121951219514,光华科技,14.730,14.970,1.63,09:38
600179,2.4985490423679626,安通控股,9.890,10.010,1.21,09:38
603659,2.4193548387096775,璞泰来,49.420,50.100,1.38,09:38
300620,2.4137931034482762,光库科技,41.890,42.390,1.19,09:38
002930,2.2081712062256806,宏川智慧,32.920,33.480,1.70,09:38
000411,2.162962962962963,英特集团,14.610,15.000,2.67,09:38
600520,2.1601941747572813,文一科技,16.450,16.880,2.61,09:38
300091,2.130339539978094,金通灵,10.000,10.700,7.00,09:38
603180,2.065217391304348,金牌厨柜,67.650,68.990,1.98,09:38
300383,1.9947484330001695,光环新网,14.760,15.070,2.10,09:38
300098,1.9858156028368792,高新兴,7.630,7.740,1.44,09:38
603319,1.943127962085308,湘油泵,24.040,25.980,8.07,09:38
000861,1.9065342508033916,海印股份,2.740,2.780,1.46,09:38
002430,1.9061707523245983,杭氧股份,13.000,13.150,1.15,09:38
300604,4.023297491039426,长川科技,40.110,40.800,1.72,09:39
002614,3.81151832460733,奥佳华,17.380,17.950,3.28,09:39
300357,3.5728061716489874,我武生物,39.150,39.980,2.12,09:39
603659,3.3617021276595747,璞泰来,49.420,50.020,1.21,09:39
002741,3.3053221288515404,光华科技,14.730,15.010,1.90,09:39
600877,3.2109409840939493,ST嘉陵,4.970,5.200,4.63,09:39
300620,3.011049723756906,光库科技,41.890,42.410,1.24,09:39
300684,2.9888268156424576,中石科技,84.160,85.840,2.00,09:39
002648,2.8832807570977916,卫星石化,9.380,10.320,10.02,09:39
002714,2.8087649402390436,牧原股份,25.200,25.470,1.07,09:39
002353,2.740805604203153,杰瑞股份,18.600,18.820,1.18,09:39
300658,2.633432674072067,延江股份,16.030,17.600,9.79,09:39
002180,2.6217228464419478,纳思达,29.780,30.240,1.54,09:39
600311,2.534547333075036,荣华实业,3.090,3.130,1.29,09:39
002356,2.4872727272727273,赫美集团,11.020,11.780,6.90,09:39
300253,2.433888344760039,卫宁健康,12.770,12.970,1.57,09:39
300348,2.415946205571566,长亮科技,29.920,30.280,1.20,09:39
002827,2.4,高争民爆,16.320,16.700,2.33,09:39
300322,4.266910739191075,硕贝德,8.420,9.170,8.91,09:40
002648,3.899564902102973,卫星石化,9.380,10.250,9.28,09:40
000409,3.8873812754409767,*ST地矿,4.270,4.450,4.22,09:40
002614,3.473170731707317,奥佳华,17.380,17.950,3.28,09:40
600877,3.4338351822503963,ST嘉陵,4.970,5.210,4.83,09:40
300703,3.3276450511945397,创源文化,18.000,18.470,2.61,09:40
002741,3.219373219373219,光华科技,14.730,14.970,1.63,09:40
002180,3.0742049469964665,纳思达,29.780,30.240,1.54,09:40
002234,2.9716399506781754,民和股份,13.160,13.450,2.20,09:40
002268,2.8130217028380633,卫 士 通,19.220,20.100,4.58,09:40
600426,2.8098676293622145,华鲁恒升,18.780,19.150,1.97,09:40
603659,2.4613003095975228,璞泰来,49.420,50.150,1.48,09:40
002049,2.460595446584939,紫光国微,44.970,45.470,1.11,09:40
300383,2.4024491490244912,光环新网,14.760,15.080,2.17,09:40
300365,2.3952095808383236,恒华科技,21.740,21.970,1.06,09:40
002912,2.3006134969325154,中新赛克,96.750,99.470,2.81,09:40
300604,2.289293849658314,长川科技,40.110,40.920,2.02,09:40
600179,2.223624432104997,安通控股,9.890,10.000,1.11,09:40
603105,4.372,芯能科技,23.950,26.350,10.02,09:41
002333,3.6974037600716203,罗普斯金,15.700,16.130,2.74,09:41
002376,3.4990253411306043,新北洋,14.300,14.570,1.89,09:41
002614,3.4323271665043817,奥佳华,17.380,17.960,3.34,09:41
600877,3.423702556158017,ST嘉陵,4.970,5.190,4.43,09:41
600845,3.4166666666666665,宝信软件,26.210,26.900,2.63,09:41
002356,3.4154315605928507,赫美集团,11.020,11.490,4.26,09:41
000409,3.4046961325966856,*ST地矿,4.270,4.460,4.45,09:41
002234,3.205211726384365,民和股份,13.160,13.480,2.43,09:41
300373,2.667638483965015,扬杰科技,28.680,29.000,1.12,09:41
603319,2.5454545454545454,湘油泵,24.040,25.650,6.70,09:41
300572,2.4166666666666665,安车检测,45.400,46.000,1.32,09:41
002741,2.389937106918239,光华科技,14.730,14.970,1.63,09:41
603041,2.369791666666667,美思德,17.360,17.540,1.04,09:41
002110,2.3652453740949317,三钢闽光,19.980,20.230,1.25,09:41
600326,2.358473338203068,西藏天路,7.750,8.000,3.23,09:41
002180,2.3577235772357725,纳思达,29.780,30.240,1.54,09:41
600990,2.2742474916387962,四创电子,35.230,36.380,3.26,09:41
002376,3.1539145907473314,新北洋,14.300,14.560,1.82,09:42
600877,3.06852184320766,ST嘉陵,4.970,5.200,4.63,09:42
000409,3.062443302086483,*ST地矿,4.270,4.440,3.98,09:42
002396,3.0345911949685536,星网锐捷,19.690,19.900,1.07,09:42
002912,2.9389312977099236,中新赛克,96.750,98.810,2.13,09:42
300348,2.9140625,长亮科技,29.920,30.510,1.97,09:42
000939,2.8324214276625526,*ST凯迪,1.240,1.300,4.84,09:42
603659,2.8197674418604652,璞泰来,49.420,49.930,1.03,09:42
300684,2.6744186046511627,中石科技,84.160,86.600,2.90,09:42
002881,2.6621490803484993,美格智能,20.660,20.980,1.55,09:42
600990,2.609561752988048,四创电子,35.230,36.380,3.26,09:42
600498,2.609271523178808,烽火通信,30.980,31.970,3.20,09:42
300667,2.4716981132075473,必创科技,30.200,31.250,3.48,09:42
600311,2.438740544384819,荣华实业,3.090,3.130,1.29,09:42
300572,2.4166666666666665,安车检测,45.400,46.000,1.32,09:42
603228,2.3949579831932777,景旺电子,54.900,55.580,1.24,09:42
600845,2.39067055393586,宝信软件,26.210,26.950,2.82,09:42
600138,2.31237322515213,中青旅,16.000,16.370,2.31,09:42
300392,4.458029949168842,腾信股份,8.990,9.860,9.68,09:43
000856,3.5240464344941955,冀东装备,12.400,12.840,3.55,09:43
600877,3.2503544981881203,ST嘉陵,4.970,5.200,4.63,09:43
603398,3.130360205831904,邦宝益智,15.190,15.580,2.57,09:43
300572,3.0208333333333335,安车检测,45.400,46.000,1.32,09:43
002110,2.8128128128128127,三钢闽光,19.980,20.180,1.00,09:43
300326,2.7319587628865976,凯利泰,9.940,10.050,1.11,09:43
300348,2.567140600315956,长亮科技,29.920,30.350,1.44,09:43
300546,2.388392857142857,雄帝科技,25.830,26.360,2.05,09:43
300146,2.376788553259141,汤臣倍健,19.900,20.160,1.31,09:43
000939,2.3530040767225824,*ST凯迪,1.240,1.300,4.84,09:43
600311,2.336021505376344,荣华实业,3.090,3.130,1.29,09:43
603018,2.1745152354570636,中设集团,17.180,17.610,2.50,09:43
600498,2.1582733812949644,烽火通信,30.980,32.150,3.78,09:43
600763,2.142857142857143,通策医疗,52.480,53.200,1.37,09:43
300513,2.092391304347826,恒泰实达,22.860,23.530,2.93,09:43
300604,2.090909090909091,长川科技,40.110,41.090,2.44,09:43
600201,1.990740740740741,生物股份,15.820,15.990,1.07,09:43
300684,4.045936395759718,中石科技,84.160,86.800,3.14,09:44
300322,3.26982041173894,硕贝德,8.420,8.960,6.41,09:44
600877,3.2582525741974555,ST嘉陵,4.970,5.200,4.63,09:44
300523,3.206106870229007,辰安科技,65.000,65.830,1.28,09:44
603659,3.0827067669172936,璞泰来,49.420,49.940,1.05,09:44
300392,2.9975124378109452,腾信股份,8.990,9.610,6.90,09:44
300604,2.8061224489795915,长川科技,40.110,40.990,2.19,09:44
002410,2.8024337866857554,广联达,28.990,29.820,2.86,09:44
603066,2.7951388888888893,音飞储存,10.020,10.200,1.80,09:44
002110,2.6205103969754253,三钢闽光,19.980,20.180,1.00,09:44
000938,2.5498575498575495,紫光股份,45.180,47.390,4.89,09:44
002268,2.5405147759771207,卫 士 通,19.220,20.350,5.88,09:44
300348,2.3832684824902723,长亮科技,29.920,30.360,1.47,09:44
002180,2.3059360730593608,纳思达,29.780,30.100,1.07,09:44
600987,2.294429708222812,航民股份,9.270,9.390,1.29,09:44
002153,2.2862129144851657,石基信息,33.800,34.780,2.90,09:44
600520,2.272727272727273,文一科技,16.450,17.100,3.95,09:44
002049,2.2505307855626326,紫光国微,44.970,45.480,1.13,09:44
600682,3.7421842434347643,南京新百,11.640,11.900,2.23,09:45
002912,3.3333333333333335,中新赛克,96.750,98.850,2.17,09:45
000856,3.2672684458398744,冀东装备,12.400,12.820,3.39,09:45
300684,3.2051282051282053,中石科技,84.160,86.990,3.36,09:45
600877,3.18461881077871,ST嘉陵,4.970,5.210,4.83,09:45
300604,2.763157894736842,长川科技,40.110,40.800,1.72,09:45
002268,2.7127003699136867,卫 士 通,19.220,20.270,5.46,09:45
600845,2.7007299270072993,宝信软件,26.210,27.250,3.97,09:45
300523,2.607361963190184,辰安科技,65.000,65.980,1.51,09:45
600990,2.577319587628866,四创电子,35.230,36.100,2.47,09:45
300308,2.553763440860215,中际旭创,48.180,49.870,3.51,09:45
603615,2.4731182795698925,茶花股份,11.820,11.980,1.35,09:45
603605,2.359375,珀莱雅,41.570,42.200,1.52,09:45
300513,2.323943661971831,恒泰实达,22.860,23.450,2.58,09:45
000063,2.2873120645397873,中兴通讯,14.500,15.000,3.45,09:45
600521,2.279549718574109,华海药业,19.730,20.040,1.57,09:45
002618,2.2469528351881296,丹邦科技,18.030,18.270,1.33,09:45
002876,2.2162162162162162,三利谱,51.400,52.000,1.17,09:45
600201,4.271893077997207,生物股份,15.820,16.060,1.52,09:46
300308,3.7412587412587412,中际旭创,48.180,49.690,3.13,09:46
002281,3.4122448979591837,光迅科技,23.270,23.960,2.97,09:46
603676,3.321611253196931,卫信康,15.660,16.020,2.30,09:46
600877,3.2748431343936963,ST嘉陵,4.970,5.210,4.83,09:46
002912,3.2142857142857144,中新赛克,96.750,98.740,2.06,09:46
600299,3.177083333333334,安迪苏,11.830,11.960,1.10,09:46
603659,3.0963302752293576,璞泰来,49.420,50.000,1.17,09:46
300572,2.9591836734693877,安车检测,45.400,46.100,1.54,09:46
600990,2.819548872180451,四创电子,35.230,36.100,2.47,09:46
300513,2.7272727272727275,恒泰实达,22.860,23.410,2.41,09:46
300373,2.472826086956522,扬杰科技,28.680,29.040,1.26,09:46
300523,2.4285714285714284,辰安科技,65.000,65.880,1.35,09:46
600345,2.425373134328358,长江通信,25.030,25.810,3.12,09:46
002741,2.4025974025974026,光华科技,14.730,14.980,1.70,09:46
600138,2.3442367601246104,中青旅,16.000,16.290,1.81,09:46
300667,2.34375,必创科技,30.200,30.890,2.28,09:46
300604,2.3021582733812953,长川科技,40.110,40.750,1.60,09:46
000661,3.795180722891566,长春高新,212.750,214.960,1.04,09:47
002912,3.5714285714285716,中新赛克,96.750,98.400,1.71,09:47
600877,3.5397648151013463,ST嘉陵,4.970,5.200,4.63,09:47
300572,3.482142857142857,安车检测,45.400,46.130,1.61,09:47
600536,3.21115126484254,中国软件,27.930,28.480,1.97,09:47
300684,3.1372549019607843,中石科技,84.160,86.960,3.33,09:47
002410,3.095752339812815,广联达,28.990,29.810,2.83,09:47
600987,3.067507418397626,航民股份,9.270,9.410,1.51,09:47
002311,2.9518072289156625,海大集团,20.290,20.500,1.03,09:47
603986,2.814070351758794,兆易创新,111.170,113.500,2.10,09:47
600299,2.6556513409961684,安迪苏,11.830,11.950,1.01,09:47
002675,2.641638225255973,东诚药业,8.940,9.300,4.03,09:47
300523,2.5757575757575757,辰安科技,65.000,65.680,1.05,09:47
300134,2.5240715268225586,大富科技,11.330,11.570,2.12,09:47
300015,2.4425287356321843,爱尔眼科,32.350,32.700,1.08,09:47
600138,2.423117709437964,中青旅,16.000,16.310,1.94,09:47
603676,2.4136546184738954,卫信康,15.660,15.960,1.92,09:47
300513,2.340425531914893,恒泰实达,22.860,23.450,2.58,09:47
601869,4.324324324324324,长飞光纤,47.090,48.990,4.03,09:48
300136,3.8269454123112654,信维通信,33.380,34.250,2.61,09:48
600201,3.646828312515307,生物股份,15.820,16.140,2.02,09:48
300572,3.524096385542169,安车检测,45.400,46.130,1.61,09:48
600877,3.3968288923144683,ST嘉陵,4.970,5.210,4.83,09:48
600845,3.3201058201058204,宝信软件,26.210,27.050,3.20,09:48
600682,3.273886527444095,南京新百,11.640,11.880,2.06,09:48
300091,2.9763427109974425,金通灵,10.000,10.630,6.30,09:48
600987,2.9326241134751774,航民股份,9.270,9.400,1.40,09:48
002675,2.853982300884956,东诚药业,8.940,9.310,4.14,09:48
002741,2.799145299145299,光华科技,14.730,14.990,1.77,09:48
600610,2.78272656855151,*ST毅达,1.400,1.460,4.29,09:48
300684,2.762430939226519,中石科技,84.160,86.600,2.90,09:48
600771,2.7536231884057973,广誉远,41.540,41.990,1.08,09:48
600804,2.702970297029703,鹏博士,11.500,11.680,1.57,09:48
600520,2.6996197718631176,文一科技,16.450,17.060,3.71,09:48
002410,2.6699629171817056,广联达,28.990,29.840,2.93,09:48
600588,2.5675675675675675,用友网络,27.680,28.760,3.90,09:48
300384,4.229979466119096,三联虹普,35.600,35.990,1.10,09:49
600201,3.8581890812250332,生物股份,15.820,16.110,1.83,09:49
603602,3.679611650485437,纵横通信,25.160,25.510,1.39,09:49
600867,3.585278276481149,通化东宝,21.640,21.860,1.02,09:49
603713,3.304535637149028,密尔克卫,44.860,45.380,1.16,09:49
600271,3.1383792048929666,航天信息,28.020,28.790,2.75,09:49
300684,3.0319148936170213,中石科技,84.160,86.680,2.99,09:49
002262,3.0200860832137733,恩华药业,16.720,16.930,1.26,09:49
002876,2.910958904109589,三利谱,51.400,52.200,1.56,09:49
002714,2.8846153846153846,牧原股份,25.200,25.520,1.27,09:49
600682,2.875609756097561,南京新百,11.640,11.860,1.89,09:49
300136,2.8424092409240926,信维通信,33.380,34.260,2.64,09:49
002741,2.7934936350777932,光华科技,14.730,14.990,1.77,09:49
600345,2.741330834114339,长江通信,25.030,25.780,3.00,09:49
002311,2.7360515021459233,海大集团,20.290,20.500,1.03,09:49
000821,2.6612903225806455,京山轻机,8.960,9.100,1.56,09:49
600329,2.6375404530744335,中新药业,18.570,18.780,1.13,09:49
002268,2.590799031476998,卫 士 通,19.220,20.230,5.25,09:49
300572,3.740079365079365,安车检测,45.400,46.150,1.65,09:50
603659,3.2512315270935965,璞泰来,49.420,50.130,1.44,09:50
300348,3.2175032175032174,长亮科技,29.920,30.780,2.87,09:50
002594,2.9846938775510203,比亚迪,41.690,42.500,1.94,09:50
600299,2.8629856850715747,安迪苏,11.830,11.970,1.18,09:50
002396,2.8539576365663324,星网锐捷,19.690,20.200,2.59,09:50
600201,2.7819392426134,生物股份,15.820,16.080,1.64,09:50
603214,2.7777777777777777,爱婴室,58.460,60.890,4.16,09:50
002741,2.7583798882681565,光华科技,14.730,14.960,1.56,09:50
000938,2.6721556886227544,紫光股份,45.180,47.440,5.00,09:50
300170,2.6120342396777443,汉得信息,11.540,11.680,1.21,09:50
600397,2.5524403619413216,*ST安煤,2.060,2.130,3.40,09:50
600867,2.551898734177215,通化东宝,21.640,21.860,1.02,09:50
600179,2.4957507082152977,安通控股,9.890,10.020,1.31,09:50
002458,2.4008810572687223,益生股份,19.110,19.580,2.46,09:50
002299,2.30343300110742,圣农发展,17.300,17.580,1.62,09:50
000661,2.2535211267605635,长春高新,212.750,215.770,1.42,09:50
002419,2.227784730913642,天虹股份,11.510,11.660,1.30,09:50
002916,3.996366939146231,深南电路,65.310,69.230,6.00,09:51
002049,3.973684210526316,紫光国微,44.970,45.770,1.78,09:51
300572,3.5520833333333335,安车检测,45.400,46.150,1.65,09:51
002912,3.354037267080745,中新赛克,96.750,98.900,2.22,09:51
300383,3.3343057176196034,光环新网,14.760,15.340,3.93,09:51
603458,3.2892416225749557,勘设股份,39.040,39.470,1.10,09:51
300526,3.1549609810479375,中潜股份,14.040,14.220,1.28,09:51
600201,2.9294478527607364,生物股份,15.820,16.080,1.64,09:51
603319,2.914691943127962,湘油泵,24.040,25.490,6.03,09:51
600397,2.903868917824435,*ST安煤,2.060,2.150,4.37,09:51
002594,2.9017857142857144,比亚迪,41.690,42.510,1.97,09:51
002808,2.8800856531049246,苏州恒久,10.630,10.810,1.69,09:51
300170,2.8716314111851635,汉得信息,11.540,11.680,1.21,09:51
000829,2.864321608040201,天音控股,8.780,8.890,1.25,09:51
002930,2.7741407528641573,宏川智慧,32.920,33.440,1.58,09:51
002741,2.6725304465493913,光华科技,14.730,14.960,1.56,09:51
002675,2.6132884262094302,东诚药业,8.940,9.290,3.91,09:51
300685,2.5595238095238093,艾德生物,52.800,53.400,1.14,09:51
603458,4.275184275184275,勘设股份,39.040,39.450,1.05,09:52
002410,4.0,广联达,28.990,30.000,3.48,09:52
600397,3.3994363845110116,*ST安煤,2.060,2.160,4.85,09:52
300202,3.3598452278589854,聚龙股份,9.750,10.700,9.74,09:52
300572,3.2352941176470584,安车检测,45.400,46.130,1.61,09:52
603986,3.1456953642384105,兆易创新,111.170,112.800,1.47,09:52
002741,3.062015503875969,光华科技,14.730,14.950,1.49,09:52
002675,2.982977573628749,东诚药业,8.940,9.350,4.59,09:52
300684,2.9699248120300754,中石科技,84.160,86.000,2.19,09:52
002808,2.914285714285714,苏州恒久,10.630,10.830,1.88,09:52
603676,2.9038461538461537,卫信康,15.660,15.910,1.60,09:52
300604,2.857142857142857,长川科技,40.110,40.900,1.97,09:52
600201,2.82671629445823,生物股份,15.820,16.080,1.64,09:52
300584,2.7849740932642484,海辰药业,32.580,33.570,3.04,09:52
300454,2.727272727272727,深信服,98.880,102.000,3.16,09:52
603659,2.6886792452830184,璞泰来,49.420,50.070,1.32,09:52
600588,2.679425837320574,用友网络,27.680,29.100,5.13,09:52
603693,2.5982532751091703,江苏新能,21.370,21.750,1.78,09:52
603458,3.657505285412262,勘设股份,39.040,39.440,1.02,09:53
603319,3.5439137134052383,湘油泵,24.040,25.250,5.03,09:53
000829,3.384588193708024,天音控股,8.780,8.880,1.14,09:53
300584,3.1875,海辰药业,32.580,33.500,2.82,09:53
603869,3.118393234672304,新智认知,17.800,18.000,1.12,09:53
002808,3.0422264875239926,苏州恒久,10.630,10.810,1.69,09:53
300384,2.9505813953488373,三联虹普,35.600,36.000,1.12,09:53
002930,2.8631961259079906,宏川智慧,32.920,33.430,1.55,09:53
002384,2.8419654714475433,东山精密,25.020,25.440,1.68,09:53
600804,2.8018905605112505,鹏博士,11.500,11.910,3.57,09:53
300146,2.800650054171181,汤臣倍健,19.900,20.250,1.76,09:53
002648,2.796934865900383,卫星石化,9.380,10.090,7.57,09:53
600633,2.712577502214349,浙数文化,8.770,8.860,1.03,09:53
002741,2.6853146853146854,光华科技,14.730,14.960,1.56,09:53
600201,2.644723784320212,生物股份,15.820,16.080,1.64,09:53
603693,2.530647985989492,江苏新能,21.370,21.700,1.54,09:53
300638,2.5191570881226055,广和通,27.990,28.290,1.07,09:53
002491,2.486789960369881,通鼎互联,9.880,10.240,3.64,09:53
002268,4.643799472295514,卫 士 通,19.220,20.580,7.08,09:54
600201,4.064946361264135,生物股份,15.820,16.080,1.64,09:54
603535,3.60655737704918,嘉诚国际,20.890,21.110,1.05,09:54
002376,3.4160139251523067,新北洋,14.300,14.600,2.10,09:54
000829,3.2523777173913047,天音控股,8.780,8.900,1.37,09:54
600260,3.2516129032258063,凯乐科技,21.440,21.960,2.43,09:54
300584,3.186046511627907,海辰药业,32.580,33.570,3.04,09:54
002741,3.163097199341021,光华科技,14.730,14.950,1.49,09:54
300226,2.81524926686217,上海钢联,55.500,56.100,1.08,09:54
300383,2.760834670947031,光环新网,14.760,15.290,3.59,09:54
002876,2.6865671641791042,三利谱,51.400,52.250,1.65,09:54
300691,2.660377358490566,联合光电,24.870,25.500,2.53,09:54
300685,2.634408602150538,艾德生物,52.800,53.380,1.10,09:54
300308,2.5990099009900987,中际旭创,48.180,50.300,4.40,09:54
300166,2.5628436763550666,东方国信,13.890,14.120,1.66,09:54
603856,2.525252525252525,东宏股份,15.930,16.350,2.64,09:54
600179,2.4407783417935707,安通控股,9.890,10.070,1.82,09:54
002792,2.4285714285714284,通宇通讯,22.360,23.200,3.76,09:54
300091,4.521951219512195,金通灵,10.000,10.990,9.90,09:55
600201,4.34355163337978,生物股份,15.820,16.060,1.52,09:55
603883,3.6306532663316586,老百姓,69.130,69.930,1.16,09:55
300146,3.525730180806676,汤臣倍健,19.900,20.160,1.31,09:55
002563,3.49618320610687,森马服饰,11.680,11.980,2.57,09:55
300601,3.392857142857143,康泰生物,41.880,44.590,6.47,09:55
300691,3.3756345177664975,联合光电,24.870,25.470,2.41,09:55
600521,3.365603644646925,华海药业,19.730,20.460,3.70,09:55
002741,3.062200956937799,光华科技,14.730,14.950,1.49,09:55
002376,2.981790591805766,新北洋,14.300,14.620,2.24,09:55
002268,2.9444444444444446,卫 士 通,19.220,20.690,7.65,09:55
603659,2.9261363636363633,璞泰来,49.420,50.070,1.32,09:55
300620,2.7952755905511815,光库科技,41.890,42.460,1.36,09:55
600345,2.740963855421687,长江通信,25.030,26.390,5.43,09:55
300047,2.7191129883843717,天源迪科,13.800,14.480,4.93,09:55
300323,2.67515923566879,华灿光电,12.670,12.830,1.26,09:55
600150,2.6515732924021487,*ST船舶,10.600,10.830,2.17,09:55
300392,2.601609657947686,腾信股份,8.990,9.500,5.67,09:55
600201,4.260894828588031,生物股份,15.820,16.080,1.64,09:56
300146,4.170454545454546,汤臣倍健,19.900,20.100,1.01,09:56
603883,4.069400630914827,老百姓,69.130,69.950,1.19,09:56
300091,4.057254196642686,金通灵,10.000,10.980,9.80,09:56
603869,3.3295711060948086,新智认知,17.800,17.980,1.01,09:56
603214,3.234323432343235,爱婴室,58.460,60.640,3.73,09:56
603319,3.22972972972973,湘油泵,24.040,25.240,4.99,09:56
300326,3.0686352753391857,凯利泰,9.940,10.050,1.11,09:56
002563,3.0148619957537153,森马服饰,11.680,11.990,2.65,09:56
603138,3.012422360248447,海量数据,21.310,23.400,9.81,09:56
300136,2.6898734177215187,信维通信,33.380,34.290,2.73,09:56
002376,2.6541554959785523,新北洋,14.300,14.600,2.10,09:56
600536,2.5760992108229988,中国软件,27.930,28.400,1.68,09:56
300454,2.5714285714285716,深信服,98.880,101.800,2.95,09:56
002115,2.5646879756468794,三维通信,9.040,9.150,1.22,09:56
300384,2.556390977443609,三联虹普,35.600,36.090,1.38,09:56
300322,2.4361048204464577,硕贝德,8.420,9.160,8.79,09:56
600610,2.4250681198910082,*ST毅达,1.400,1.450,3.57,09:56
600201,4.510211800302572,生物股份,15.820,16.080,1.64,09:57
600990,3.831967213114754,四创电子,35.230,35.890,1.87,09:57
300630,3.483754512635379,普利制药,65.970,66.800,1.26,09:57
603883,3.3524904214559386,老百姓,69.130,70.000,1.26,09:57
300202,3.3310510099281068,聚龙股份,9.750,10.550,8.21,09:57
600487,3.32220367278798,亨通光电,22.980,23.770,3.44,09:57
002333,3.1702898550724634,罗普斯金,15.700,16.450,4.78,09:57
603319,3.128205128205128,湘油泵,24.040,25.270,5.12,09:57
300314,3.094541910331384,戴维医疗,10.760,10.960,1.86,09:57
002376,3.0782608695652174,新北洋,14.300,14.560,1.82,09:57
002120,3.06949806949807,韵达股份,43.920,44.460,1.23,09:57
300620,3.0238095238095237,光库科技,41.890,42.320,1.03,09:57
300326,2.9235880398671097,凯利泰,9.940,10.040,1.01,09:57
603713,2.6821192052980134,密尔克卫,44.860,45.800,2.10,09:57
000829,2.627450980392157,天音控股,8.780,8.910,1.48,09:57
300384,2.5,三联虹普,35.600,36.050,1.26,09:57
600987,2.437369519832985,航民股份,9.270,9.380,1.19,09:57
300513,2.414448669201521,恒泰实达,22.860,23.930,4.68,09:57
300091,4.235151933701657,金通灵,10.000,10.980,9.80,09:58
600201,4.1118421052631575,生物股份,15.820,16.080,1.64,09:58
002488,3.8111273792093705,金固股份,11.430,12.530,9.62,09:58
603869,3.4064665127020786,新智认知,17.800,17.990,1.07,09:58
600345,2.935967302452316,长江通信,25.030,26.240,4.83,09:58
300684,2.9347826086956523,中石科技,84.160,86.400,2.66,09:58
002234,2.85824345146379,民和股份,13.160,13.660,3.80,09:58
603883,2.7916666666666665,老百姓,69.130,69.990,1.24,09:58
002353,2.6690211907164483,杰瑞股份,18.600,18.960,1.94,09:58
603659,2.625,璞泰来,49.420,49.940,1.05,09:58
300314,2.590308370044053,戴维医疗,10.760,10.970,1.95,09:58
300504,2.5121359223300974,天邑股份,31.670,32.160,1.55,09:58
600271,2.481884057971014,航天信息,28.020,28.450,1.53,09:58
002376,2.436893203883495,新北洋,14.300,14.530,1.61,09:58
002930,2.373447946513849,宏川智慧,32.920,33.650,2.22,09:58
002410,2.3493975903614457,广联达,28.990,29.850,2.97,09:58
600990,2.2183098591549295,四创电子,35.230,35.810,1.65,09:58
600610,2.180831207615255,*ST毅达,1.400,1.430,2.14,09:58
300091,4.6709792549631945,金通灵,10.000,10.970,9.70,09:59
600201,4.45422987914631,生物股份,15.820,16.020,1.26,09:59
603883,3.5638297872340425,老百姓,69.130,69.980,1.23,09:59
300326,3.2881830920130777,凯利泰,9.940,10.040,1.01,09:59
600345,3.1683168316831685,长江通信,25.030,26.000,3.88,09:59
603319,3.1362467866323906,湘油泵,24.040,25.300,5.24,09:59
603869,3.131634819532909,新智认知,17.800,18.000,1.12,09:59
002513,3.027923211169285,蓝丰生化,6.720,6.830,1.64,09:59
300602,2.989130434782609,飞荣达,39.810,40.600,1.98,09:59
600804,2.932779183230936,鹏博士,11.500,11.930,3.74,09:59
002488,2.8293601003764115,金固股份,11.430,12.390,8.40,09:59
002808,2.8275109170305677,苏州恒久,10.630,10.820,1.79,09:59
300166,2.7838427947598254,东方国信,13.890,14.190,2.16,09:59
002376,2.7662957074721777,新北洋,14.300,14.500,1.40,09:59
600725,2.447359531584281,ST云维,2.300,2.400,4.35,09:59
002614,2.416267942583732,奥佳华,17.380,17.740,2.07,09:59
600260,2.302731411229135,凯乐科技,21.440,21.950,2.38,09:59
300684,2.2857142857142856,中石科技,84.160,86.200,2.42,09:59
300091,4.4934239857333935,金通灵,10.000,10.960,9.60,10:00
600804,3.3636113404899532,鹏博士,11.500,11.910,3.57,10:00
600201,3.2552301255230125,生物股份,15.820,15.990,1.07,10:00
000063,3.252358698527467,中兴通讯,14.500,15.460,6.62,10:00
603659,3.21875,璞泰来,49.420,50.030,1.23,10:00
603066,2.791932059447983,音飞储存,10.020,10.210,1.90,10:00
300394,2.695852534562212,天孚通信,17.930,18.240,1.73,10:00
600990,2.6584507042253525,四创电子,35.230,35.900,1.90,10:00
603869,2.6014109347442678,新智认知,17.800,17.990,1.07,10:00
600725,2.576938252120734,ST云维,2.300,2.400,4.35,10:00
300392,2.546382189239332,腾信股份,8.990,9.450,5.12,10:00
600845,2.4712643678160924,宝信软件,26.210,26.810,2.29,10:00
600271,2.4348534201954397,航天信息,28.020,28.480,1.64,10:00
603138,2.407407407407407,海量数据,21.310,22.750,6.76,10:00
603319,2.3968565815324165,湘油泵,24.040,25.300,5.24,10:00
603559,2.363013698630137,中通国脉,21.250,21.740,2.31,10:00
300504,2.32,天邑股份,31.670,32.180,1.61,10:00
300166,2.2958199356913185,东方国信,13.890,14.190,2.16,10:00
300036,3.6559139784946235,超图软件,22.420,23.000,2.59,10:01
002268,3.651535380507343,卫 士 通,19.220,20.530,6.82,10:01
300037,3.571428571428571,新宙邦,23.010,23.280,1.17,10:01
002563,3.536144578313253,森马服饰,11.680,11.900,1.88,10:01
300620,3.377659574468085,光库科技,41.890,42.310,1.00,10:01
002929,3.2323232323232323,润建通信,33.900,34.450,1.62,10:01
300602,3.0812324929971986,飞荣达,39.810,40.640,2.08,10:01
603319,2.9047619047619047,湘油泵,24.040,25.300,5.24,10:01
300202,2.74310595065312,聚龙股份,9.750,10.480,7.49,10:01
000063,2.650188246848911,中兴通讯,14.500,15.460,6.62,10:01
300357,2.604166666666667,我武生物,39.150,40.150,2.55,10:01
300394,2.565789473684211,天孚通信,17.930,18.250,1.78,10:01
002741,2.533632286995516,光华科技,14.730,14.900,1.15,10:01
002475,2.5163704396632367,立讯精密,18.520,18.720,1.08,10:01
002808,2.4845488257107537,苏州恒久,10.630,10.820,1.79,10:01
002594,2.478609625668449,比亚迪,41.690,42.120,1.03,10:01
600260,2.457779374775422,凯乐科技,21.440,21.900,2.15,10:01
600725,2.452433143358176,ST云维,2.300,2.390,3.91,10:01
002563,3.753196930946291,森马服饰,11.680,11.920,2.05,10:02
002268,3.015222482435597,卫 士 通,19.220,20.470,6.50,10:02
002636,2.9283887468030696,金安国纪,8.480,8.650,2.00,10:02
300394,2.9104477611940296,天孚通信,17.930,18.210,1.56,10:02
300037,2.8154574132492116,新宙邦,23.010,23.250,1.04,10:02
002353,2.7541589648798523,杰瑞股份,18.600,18.950,1.88,10:02
600588,2.6543209876543212,用友网络,27.680,28.590,3.29,10:02
002618,2.5977891156462585,丹邦科技,18.030,18.790,4.22,10:02
600547,2.5218150087260036,山东黄金,22.390,22.770,1.70,10:02
300570,2.5168539325842696,太辰光,16.700,17.160,2.75,10:02
603066,2.4133504492939664,音飞储存,10.020,10.210,1.90,10:02
002916,2.4122807017543857,深南电路,65.310,68.300,4.58,10:02
603559,2.3947368421052633,中通国脉,21.250,21.570,1.51,10:02
600763,2.358490566037736,通策医疗,52.480,53.520,1.98,10:02
600845,2.3556231003039514,宝信软件,26.210,26.680,1.79,10:02
600725,2.3103647944412273,ST云维,2.300,2.380,3.48,10:02
002929,2.3058252427184462,润建通信,33.900,34.350,1.33,10:02
300703,2.261904761904762,创源文化,18.000,18.400,2.22,10:02
002929,4.436440677966102,润建通信,33.900,34.550,1.92,10:03
300091,4.299041335944748,金通灵,10.000,10.950,9.50,10:03
300658,3.961549256244738,延江股份,16.030,17.560,9.54,10:03
600547,3.4714003944773175,山东黄金,22.390,22.760,1.65,10:03
603083,3.1485849056603774,剑桥科技,27.020,28.480,5.40,10:03
603393,3.1384248210023866,新天然气,37.010,37.420,1.11,10:03
002563,3.0753058103975532,森马服饰,11.680,11.950,2.31,10:03
002223,2.934347477982386,鱼跃医疗,18.090,18.350,1.44,10:03
300703,2.8884826325411335,创源文化,18.000,18.390,2.17,10:03
300037,2.7168949771689497,新宙邦,23.010,23.270,1.13,10:03
002618,2.677231025854879,丹邦科技,18.030,18.830,4.44,10:03
300560,2.649647887323944,中富通,19.260,19.900,3.32,10:03
300504,2.6070038910505833,天邑股份,31.670,32.120,1.42,10:03
600345,2.552770448548812,长江通信,25.030,26.030,4.00,10:03
002268,2.532934131736527,卫 士 通,19.220,20.480,6.56,10:03
300602,2.4698795180722892,飞荣达,39.810,40.360,1.38,10:03
300202,2.4074074074074074,聚龙股份,9.750,10.490,7.59,10:03
600610,2.3972817862547466,*ST毅达,1.400,1.430,2.14,10:03
300068,4.903476004448373,南都电源,12.450,12.580,1.04,10:04
600201,4.437444878417539,生物股份,15.820,16.020,1.26,10:04
300202,3.778122575640031,聚龙股份,9.750,10.520,7.90,10:04
002897,3.455882352941176,意华股份,22.980,23.280,1.31,10:04
300684,3.317972350230414,中石科技,84.160,86.270,2.51,10:04
601869,3.2061068702290076,长飞光纤,47.090,50.990,8.28,10:04
300188,3.2045654082528534,美亚柏科,18.080,18.270,1.05,10:04
603393,3.192612137203166,新天然气,37.010,37.420,1.11,10:04
002563,3.1828866948754118,森马服饰,11.680,11.940,2.23,10:04
000710,3.1739130434782608,贝瑞基因,42.000,42.690,1.64,10:04
002741,3.074534161490684,光华科技,14.730,14.930,1.36,10:04
300584,2.801047120418848,海辰药业,32.580,33.350,2.36,10:04
603018,2.716584158415842,中设集团,17.180,17.750,3.32,10:04
300347,2.6923076923076925,泰格医药,59.740,60.650,1.52,10:04
002707,2.4660633484162897,众信旅游,9.430,9.570,1.48,10:04
600725,2.4202501954652074,ST云维,2.300,2.370,3.04,10:04
300212,2.41869918699187,易华录,27.880,28.260,1.36,10:04
002614,2.366412213740458,奥佳华,17.380,17.610,1.32,10:04
600201,4.607287449392713,生物股份,15.820,16.040,1.39,10:05
603559,4.076175040518638,中通国脉,21.250,21.980,3.44,10:05
300091,4.062656893262376,金通灵,10.000,10.960,9.60,10:05
300684,3.6437246963562755,中石科技,84.160,86.700,3.02,10:05
600763,3.4965034965034962,通策医疗,52.480,53.400,1.75,10:05
603659,3.355263157894737,璞泰来,49.420,50.350,1.88,10:05
603214,3.346774193548387,爱婴室,58.460,59.990,2.62,10:05
300347,3.2568807339449544,泰格医药,59.740,60.550,1.36,10:05
300202,3.1387808041504535,聚龙股份,9.750,10.550,8.21,10:05
002563,3.137125220458554,森马服饰,11.680,11.930,2.14,10:05
603010,3.0521091811414394,万盛股份,15.640,15.820,1.15,10:05
002741,2.958271236959761,光华科技,14.730,14.980,1.70,10:05
300394,2.7053140096618353,天孚通信,17.930,18.230,1.67,10:05
002789,2.697594501718213,建艺集团,34.040,34.920,2.59,10:05
603066,2.690548780487805,音飞储存,10.020,10.200,1.80,10:05
300136,2.603911980440098,信维通信,33.380,34.450,3.21,10:05
002262,2.577262693156733,恩华药业,16.720,16.910,1.14,10:05
600725,2.5534108718963955,ST云维,2.300,2.370,3.04,10:05
600201,4.707483943032673,生物股份,15.820,16.010,1.20,10:06
603602,4.345386533665836,纵横通信,25.160,26.500,5.33,10:06
300212,3.7567084078711988,易华录,27.880,28.460,2.08,10:06
002930,3.3958151700087185,宏川智慧,32.920,34.170,3.80,10:06
600763,3.3624454148471616,通策医疗,52.480,53.530,2.00,10:06
002675,3.3135540287320424,东诚药业,8.940,9.120,2.01,10:06
002281,3.1460950973146096,光迅科技,23.270,24.250,4.21,10:06
603568,3.077496274217586,伟明环保,26.740,27.480,2.77,10:06
002262,2.7257142857142855,恩华药业,16.720,16.920,1.20,10:06
300747,2.7185792349726774,锐科激光,159.050,161.300,1.41,10:06
300348,2.7154150197628457,长亮科技,29.920,30.650,2.44,10:06
002741,2.6860622462787553,光华科技,14.730,14.960,1.56,10:06
603650,2.5367647058823533,彤程新材,32.260,32.970,2.20,10:06
603693,2.5304136253041363,江苏新能,21.370,22.000,2.95,10:06
600610,2.5221037970084175,*ST毅达,1.400,1.440,2.86,10:06
603010,2.4932975871313676,万盛股份,15.640,15.840,1.28,10:06
002684,2.4871216999356083,猛狮科技,6.990,7.160,2.43,10:06
300691,2.4089635854341735,联合光电,24.870,25.570,2.81,10:06
002618,4.555008944543828,丹邦科技,18.030,18.600,3.16,10:07
600201,3.7211867210764313,生物股份,15.820,16.020,1.26,10:07
300620,3.4716981132075473,光库科技,41.890,42.900,2.41,10:07
600520,3.4683544303797467,文一科技,16.450,16.800,2.13,10:07
300042,3.4158415841584158,朗科科技,25.320,26.430,4.38,10:07
002741,3.201320132013201,光华科技,14.730,14.960,1.56,10:07
603797,3.0232558139534884,联泰环保,14.000,14.250,1.79,10:07
603568,3.008130081300813,伟明环保,26.740,27.480,2.77,10:07
603018,2.9986052998605306,中设集团,17.180,17.770,3.43,10:07
603659,2.9846938775510203,璞泰来,49.420,50.000,1.17,10:07
603398,2.9809358752166375,邦宝益智,15.190,15.780,3.88,10:07
002792,2.972560975609756,通宇通讯,22.360,23.160,3.58,10:07
600588,2.854113655640373,用友网络,27.680,28.710,3.72,10:07
300046,2.7908415841584158,台基股份,15.830,16.440,3.85,10:07
300602,2.758215962441315,飞荣达,39.810,40.470,1.66,10:07
300136,2.629310344827586,信维通信,33.380,34.360,2.94,10:07
603602,2.6162790697674416,纵横通信,25.160,26.140,3.90,10:07
002789,2.581168831168831,建艺集团,34.040,34.900,2.53,10:07
603797,3.863298662704309,联泰环保,14.000,14.250,1.79,10:08
002007,3.351193375547979,华兰生物,32.450,32.950,1.54,10:08
300357,3.3266129032258065,我武生物,39.150,40.180,2.63,10:08
300348,3.316326530612245,长亮科技,29.920,30.340,1.40,10:08
002897,3.241525423728814,意华股份,22.980,23.220,1.04,10:08
300358,3.240052470485352,楚天科技,10.260,10.390,1.27,10:08
002618,3.1487603305785123,丹邦科技,18.030,18.500,2.61,10:08
603856,3.1122448979591835,东宏股份,15.930,16.170,1.51,10:08
300684,3.0588235294117645,中石科技,84.160,87.000,3.37,10:08
603214,2.9693486590038316,爱婴室,58.460,59.990,2.62,10:08
002916,2.952488687782805,深南电路,65.310,68.460,4.82,10:08
300602,2.9362880886426597,飞荣达,39.810,40.420,1.53,10:08
603881,2.9133858267716537,数据港,34.730,35.660,2.68,10:08
603658,2.8947368421052633,安图生物,70.170,71.700,2.18,10:08
300638,2.819420783645656,广和通,27.990,28.490,1.79,10:08
000048,2.794392523364486,*ST康达,22.550,22.820,1.20,10:08
600520,2.6996197718631176,文一科技,16.450,16.780,2.01,10:08
002792,2.5558475689881734,通宇通讯,22.360,23.190,3.71,10:08
603883,4.16044776119403,老百姓,69.130,69.960,1.20,10:09
002594,4.027552674230146,比亚迪,41.690,42.130,1.06,10:09
300684,3.7188612099644125,中石科技,84.160,87.180,3.59,10:09
300584,3.5906040268456376,海辰药业,32.580,33.340,2.33,10:09
603602,3.407643312101911,纵横通信,25.160,26.460,5.17,10:09
300384,3.1881533101045294,三联虹普,35.600,36.600,2.81,10:09
002262,3.151898734177215,恩华药业,16.720,16.900,1.08,10:09
002897,3.094059405940594,意华股份,22.980,23.220,1.04,10:09
300638,3.057142857142857,广和通,27.990,28.480,1.75,10:09
300628,3.012048192771084,亿联网络,62.120,63.050,1.50,10:09
002614,2.99800796812749,奥佳华,17.380,17.700,1.84,10:09
000048,2.804878048780488,*ST康达,22.550,22.820,1.20,10:09
600803,2.7974759615384612,新奥股份,13.290,13.490,1.50,10:09
603018,2.7206851119894595,中设集团,17.180,17.720,3.14,10:09
603214,2.7181208053691273,爱婴室,58.460,59.990,2.62,10:09
600201,2.7161040844276156,生物股份,15.820,16.000,1.14,10:09
002741,2.7094972067039107,光华科技,14.730,14.960,1.56,10:09
000829,2.6108247422680413,天音控股,8.780,8.890,1.25,10:09
603883,4.0398550724637685,老百姓,69.130,69.990,1.24,10:10
300602,3.869047619047619,飞荣达,39.810,40.400,1.48,10:10
603180,3.349514563106796,金牌厨柜,67.650,68.610,1.42,10:10
002614,3.3370288248337032,奥佳华,17.380,17.700,1.84,10:10
603228,3.2080924855491326,景旺电子,54.900,55.500,1.09,10:10
300394,3.0517711171662123,天孚通信,17.930,18.240,1.73,10:10
600867,3.012282804074296,通化东宝,21.640,21.860,1.02,10:10
002902,2.961783439490446,铭普光磁,26.500,26.960,1.74,10:10
002618,2.947619047619048,丹邦科技,18.030,18.310,1.55,10:10
000048,2.9388560157790926,*ST康达,22.550,22.820,1.20,10:10
601069,2.8429561200923787,西部黄金,15.760,16.180,2.66,10:10
600803,2.831986143187067,新奥股份,13.290,13.460,1.28,10:10
002741,2.7083333333333335,光华科技,14.730,14.960,1.56,10:10
603018,2.688802083333333,中设集团,17.180,17.770,3.43,10:10
603777,2.6576139670223085,来伊份,13.160,13.300,1.06,10:10
002808,2.655086848635236,苏州恒久,10.630,10.790,1.51,10:10
002792,2.608108108108108,通宇通讯,22.360,23.170,3.62,10:10
002223,2.5597749648382564,鱼跃医疗,18.090,18.440,1.93,10:10
002618,3.7858835923097183,丹邦科技,18.030,18.310,1.55,10:11
300602,3.673469387755102,飞荣达,39.810,40.400,1.48,10:11
002007,3.378712871287129,华兰生物,32.450,32.960,1.57,10:11
603899,3.3557046979865777,晨光文具,28.780,29.200,1.46,10:11
601869,3.3076923076923075,长飞光纤,47.090,50.790,7.86,10:11
002815,3.302151543498597,崇达技术,17.150,17.460,1.81,10:11
300394,3.284457478005865,天孚通信,17.930,18.240,1.73,10:11
002410,3.1885182311869666,广联达,28.990,29.940,3.28,10:11
002828,3.1270358306188926,贝肯能源,17.150,17.390,1.40,10:11
300630,3.122605363984674,普利制药,65.970,67.890,2.91,10:11
002049,3.1198686371100166,紫光国微,44.970,45.600,1.40,10:11
603228,2.962962962962963,景旺电子,54.900,55.500,1.09,10:11
300003,2.9207119741100325,乐普医疗,32.390,33.120,2.25,10:11
600761,2.875879718490083,安徽合力,9.980,10.250,2.71,10:11
002930,2.8368794326241136,宏川智慧,32.920,33.930,3.07,10:11
002808,2.7794117647058822,苏州恒久,10.630,10.800,1.60,10:11
300738,2.7666666666666666,奥飞数据,48.400,50.000,3.31,10:11
002741,2.7247191011235956,光华科技,14.730,14.960,1.56,10:11
603186,4.277996070726915,华正新材,14.820,15.000,1.21,10:12
300091,3.9597957881301857,金通灵,10.000,10.970,9.70,10:12
300630,3.6778846153846154,普利制药,65.970,67.950,3.00,10:12
002007,3.4381044487427466,华兰生物,32.450,32.970,1.60,10:12
002741,3.3219178082191783,光华科技,14.730,14.940,1.43,10:12
600990,3.2934131736526946,四创电子,35.230,35.940,2.02,10:12
000661,3.19634703196347,长春高新,212.750,215.780,1.42,10:12
002828,3.025210084033614,贝肯能源,17.150,17.400,1.46,10:12
300042,3.0073126142595976,朗科科技,25.320,26.310,3.91,10:12
002808,2.963827304550758,苏州恒久,10.630,10.800,1.60,10:12
300394,2.9629629629629632,天孚通信,17.930,18.250,1.78,10:12
002230,2.9423423423423425,科大讯飞,30.070,30.490,1.40,10:12
603713,2.9197080291970803,密尔克卫,44.860,45.740,1.96,10:12
300395,2.9166666666666665,菲利华,15.840,16.030,1.20,10:12
600271,2.800668151447661,航天信息,28.020,28.500,1.71,10:12
601233,2.7980922098569154,桐昆股份,17.590,17.810,1.25,10:12
300253,2.772493817766787,卫宁健康,12.770,12.980,1.64,10:12
002916,2.6624737945492662,深南电路,65.310,68.440,4.79,10:12
300091,4.3928894245254595,金通灵,10.000,10.980,9.80,10:13
300684,3.8915094339622645,中石科技,84.160,88.000,4.56,10:13
002007,3.8194444444444446,华兰生物,32.450,32.970,1.60,10:13
002876,3.5853658536585367,三利谱,51.400,52.400,1.95,10:13
002614,3.491879350348028,奥佳华,17.380,17.690,1.78,10:13
300630,3.4374999999999996,普利制药,65.970,67.920,2.96,10:13
300042,3.3431952662721893,朗科科技,25.320,26.330,3.99,10:13
002808,3.1359649122807016,苏州恒久,10.630,10.800,1.60,10:13
300395,3.1101895734597154,菲利华,15.840,16.010,1.07,10:13
300202,3.098159509202454,聚龙股份,9.750,10.420,6.87,10:13
600761,3.0500367917586457,安徽合力,9.980,10.210,2.30,10:13
300188,2.891005759858219,美亚柏科,18.080,18.460,2.10,10:13
600845,2.8303303303303307,宝信软件,26.210,26.900,2.63,10:13
000860,2.804370447450572,顺鑫农业,41.300,41.770,1.14,10:13
300738,2.7419354838709675,奥飞数据,48.400,49.880,3.06,10:13
603486,2.7308707124010554,科沃斯,50.180,50.700,1.04,10:13
603708,2.6859504132231407,家家悦,20.960,21.280,1.53,10:13
300457,2.6375,赢合科技,24.440,24.770,1.35,10:13
300684,4.190821256038647,中石科技,84.160,88.000,4.56,10:14
300091,3.714089700711774,金通灵,10.000,10.960,9.60,10:14
603180,3.594771241830065,金牌厨柜,67.650,68.670,1.51,10:14
002513,3.485148514851485,蓝丰生化,6.720,6.850,1.93,10:14
002594,3.3994334277620397,比亚迪,41.690,42.410,1.73,10:14
002614,3.250539956803456,奥佳华,17.380,17.700,1.84,10:14
300620,3.2195845697329375,光库科技,41.890,42.900,2.41,10:14
300628,3.1944444444444446,亿联网络,62.120,62.990,1.40,10:14
300638,3.15,广和通,27.990,28.500,1.82,10:14
002741,3.129032258064516,光华科技,14.730,14.900,1.15,10:14
002371,3.0825242718446604,北方华创,52.950,53.630,1.28,10:14
603214,3.0794701986754967,爱婴室,58.460,60.000,2.63,10:14
300563,3.0454545454545454,神宇股份,24.140,24.400,1.08,10:14
002876,3.034825870646766,三利谱,51.400,52.560,2.26,10:14
300612,3.0203045685279184,宣亚国际,18.560,18.770,1.13,10:14
600201,2.9425072158514705,生物股份,15.820,15.980,1.01,10:14
600845,2.9319041614123584,宝信软件,26.210,26.820,2.33,10:14
600990,2.8927203065134104,四创电子,35.230,35.950,2.04,10:14
002916,4.259634888438134,深南电路,65.310,68.100,4.27,10:15
603856,3.838635492525872,东宏股份,15.930,16.190,1.63,10:15
300684,3.709016393442623,中石科技,84.160,87.940,4.49,10:15
300738,3.541666666666667,奥飞数据,48.400,50.000,3.31,10:15
002513,3.5223482321547697,蓝丰生化,6.720,6.850,1.93,10:15
300628,3.508064516129032,亿联网络,62.120,62.990,1.40,10:15
002008,3.4650455927051675,大族激光,43.450,43.990,1.24,10:15
300136,3.216867469879518,信维通信,33.380,34.450,3.21,10:15
603180,3.184931506849315,金牌厨柜,67.650,68.670,1.51,10:15
002881,3.1581532416502944,美格智能,20.660,20.950,1.40,10:15
600521,3.1456953642384105,华海药业,19.730,20.550,4.16,10:15
002741,3.0508474576271185,光华科技,14.730,14.900,1.15,10:15
000661,2.8555304740406324,长春高新,212.750,215.990,1.52,10:15
300456,2.8507462686567164,耐威科技,25.440,25.780,1.34,10:15
002929,2.8426395939086295,润建通信,33.900,34.530,1.86,10:15
002876,2.8214285714285716,三利谱,51.400,52.590,2.32,10:15
300563,2.723214285714286,神宇股份,24.140,24.480,1.41,10:15
002614,2.6590106007067136,奥佳华,17.380,17.730,2.01,10:15
603883,4.154676258992805,老百姓,69.130,69.850,1.04,10:16
002007,3.884704519119351,华兰生物,32.450,32.960,1.57,10:16
300457,3.552188552188552,赢合科技,24.440,24.820,1.55,10:16
603180,3.549618320610687,金牌厨柜,67.650,68.610,1.42,10:16
002513,3.4532374100719423,蓝丰生化,6.720,6.840,1.79,10:16
000938,3.4210526315789473,紫光股份,45.180,46.990,4.01,10:16
300655,3.2868757259001162,晶瑞股份,18.510,18.760,1.35,10:16
002065,3.2786157941437444,东华软件,8.700,8.870,1.95,10:16
600271,3.248199083169614,航天信息,28.020,28.750,2.61,10:16
002741,3.08411214953271,光华科技,14.730,14.920,1.29,10:16
600201,2.9706301456618114,生物股份,15.820,15.990,1.07,10:16
603777,2.9625779625779627,来伊份,13.160,13.320,1.22,10:16
002410,2.9290254237288136,广联达,28.990,30.170,4.07,10:16
300630,2.8301886792452833,普利制药,65.970,68.320,3.56,10:16
300456,2.8107183580387685,耐威科技,25.440,25.770,1.30,10:16
002049,2.77526395173454,紫光国微,44.970,45.670,1.56,10:16
600804,2.7297592997811813,鹏博士,11.500,11.790,2.52,10:16
002371,2.701342281879195,北方华创,52.950,53.520,1.08,10:16
300698,4.676529588766299,万马科技,17.380,19.080,9.78,10:17
603883,4.261992619926199,老百姓,69.130,69.850,1.04,10:17
603659,4.003690036900369,璞泰来,49.420,50.490,2.17,10:17
600867,3.7161388782907285,通化东宝,21.640,21.860,1.02,10:17
603083,3.384223918575064,剑桥科技,27.020,28.420,5.18,10:17
603650,3.3826879271070616,彤程新材,32.260,32.990,2.26,10:17
603180,3.3695652173913047,金牌厨柜,67.650,68.610,1.42,10:17
002065,3.3068081343943416,东华软件,8.700,8.860,1.84,10:17
000829,3.1935687263556116,天音控股,8.780,8.930,1.71,10:17
300046,3.1844380403458215,台基股份,15.830,16.830,6.32,10:17
600685,2.9322766570605183,中船防务,12.770,13.010,1.88,10:17
300597,2.9,吉大通信,14.050,14.340,2.06,10:17
002268,2.8935939196525515,卫 士 通,19.220,20.790,8.17,10:17
300563,2.881773399014778,神宇股份,24.140,24.490,1.45,10:17
000938,2.8691275167785233,紫光股份,45.180,46.890,3.78,10:17
300383,2.8284534534534536,光环新网,14.760,15.180,2.85,10:17
600201,2.757506166539083,生物股份,15.820,15.990,1.07,10:17
600760,2.737478411053541,中航沈飞,35.340,35.720,1.08,10:17
603602,4.5413436692506455,纵横通信,25.160,26.300,4.53,10:18
603659,4.048507462686567,璞泰来,49.420,50.490,2.17,10:18
002065,3.2226957911561,东华软件,8.700,8.870,1.95,10:18
300602,3.117283950617284,飞荣达,39.810,40.460,1.63,10:18
600547,3.054535920293655,山东黄金,22.390,22.750,1.61,10:18
300146,2.989722827779508,汤臣倍健,19.900,20.610,3.57,10:18
603083,2.9767441860465116,剑桥科技,27.020,28.380,5.03,10:18
600201,2.9669394700591525,生物股份,15.820,15.990,1.07,10:18
002741,2.9654654654654657,光华科技,14.730,14.980,1.70,10:18
300601,2.955010224948875,康泰生物,41.880,44.800,6.97,10:18
600682,2.936241610738255,南京新百,11.640,12.090,3.87,10:18
000938,2.925170068027211,紫光股份,45.180,46.810,3.61,10:18
300541,2.9122340425531914,先进数通,12.950,13.090,1.08,10:18
000829,2.8599661208356864,天音控股,8.780,8.920,1.59,10:18
600536,2.750653879686138,中国软件,27.930,29.150,4.37,10:18
300604,2.742123687281214,长川科技,40.110,42.000,4.71,10:18
300738,2.710843373493976,奥飞数据,48.400,49.640,2.56,10:18
300563,2.6729559748427674,神宇股份,24.140,24.480,1.41,10:18
300698,4.538968166849616,万马科技,17.380,19.120,10.01,10:19
300584,4.06113537117904,海辰药业,32.580,33.500,2.82,10:19
300747,3.7142857142857144,锐科激光,159.050,160.790,1.09,10:19
002916,3.6936936936936937,深南电路,65.310,68.490,4.87,10:19
300091,3.395845850141619,金通灵,10.000,10.950,9.50,10:19
002881,3.389261744966443,美格智能,20.660,21.200,2.61,10:19
600867,3.249667553191489,通化东宝,21.640,21.860,1.02,10:19
603180,3.209459459459459,金牌厨柜,67.650,68.560,1.35,10:19
002897,3.182844243792325,意华股份,22.980,23.270,1.26,10:19
002281,3.107981220657277,光迅科技,23.270,23.970,3.01,10:19
300042,3.103448275862069,朗科科技,25.320,26.360,4.11,10:19
300563,3.0141843971631204,神宇股份,24.140,24.490,1.45,10:19
300036,2.9932546374367623,超图软件,22.420,23.150,3.26,10:19
002741,2.9788838612368025,光华科技,14.730,14.980,1.70,10:19
000048,2.8764478764478763,*ST康达,22.550,22.810,1.15,10:19
300238,2.8687050359712227,冠昊生物,12.340,12.490,1.22,10:19
603912,2.856485740570377,佳力图,14.180,14.700,3.67,10:19
600547,2.794957183634634,山东黄金,22.390,22.750,1.61,10:19
002930,3.6530612244897958,宏川智慧,32.920,33.870,2.89,10:20
300601,3.5089463220675943,康泰生物,41.880,44.840,7.07,10:20
300698,3.4333859926276986,万马科技,17.380,19.080,9.78,10:20
300550,3.361244019138756,和仁科技,36.700,37.230,1.44,10:20
600195,3.3599088838268787,中牧股份,12.610,12.760,1.19,10:20
002815,3.343520782396088,崇达技术,17.150,17.560,2.39,10:20
300563,3.244274809160305,神宇股份,24.140,24.410,1.12,10:20
603458,3.236111111111111,勘设股份,39.040,39.440,1.02,10:20
002353,3.076036866359447,杰瑞股份,18.600,18.900,1.61,10:20
300504,3.0347349177330893,天邑股份,31.670,32.430,2.40,10:20
300456,2.9963898916967504,耐威科技,25.440,25.730,1.14,10:20
002916,2.939068100358423,深南电路,65.310,68.470,4.84,10:20
300582,2.912946428571429,英飞特,11.210,11.510,2.68,10:20
603712,2.838164251207729,七一二,22.400,22.990,2.63,10:20
000048,2.7239488117001827,*ST康达,22.550,22.810,1.15,10:20
002049,2.7217125382262997,紫光国微,44.970,45.540,1.27,10:20
002741,2.7203856749311295,光华科技,14.730,14.980,1.70,10:20
300584,2.713675213675214,海辰药业,32.580,33.460,2.70,10:20
300601,3.6898954703832754,康泰生物,41.880,44.910,7.23,10:21
002419,3.3305509181969946,天虹股份,11.510,11.680,1.48,10:21
300588,3.319088319088319,熙菱信息,10.820,10.930,1.02,10:21
000829,3.1336129418813665,天音控股,8.780,8.930,1.71,10:21
603043,3.105123674911661,广州酒家,24.590,25.250,2.68,10:21
300550,3.1015452538631347,和仁科技,36.700,37.240,1.47,10:21
300042,2.950268817204301,朗科科技,25.320,26.360,4.11,10:21
002410,2.915407854984895,广联达,28.990,30.390,4.83,10:21
603083,2.8947368421052633,剑桥科技,27.020,28.260,4.59,10:21
002741,2.716643741403026,光华科技,14.730,14.970,1.63,10:21
002881,2.6901565995525725,美格智能,20.660,21.180,2.52,10:21
300563,2.6729559748427674,神宇股份,24.140,24.430,1.20,10:21
300630,2.5,普利制药,65.970,68.420,3.71,10:21
600682,2.448657187993681,南京新百,11.640,12.260,5.33,10:21
600201,2.389431361286617,生物股份,15.820,16.000,1.14,10:21
600845,2.3880597014925375,宝信软件,26.210,27.010,3.05,10:21
600397,2.3776997952959853,*ST安煤,2.060,2.130,3.40,10:21
600547,2.3325262308313155,山东黄金,22.390,22.770,1.70,10:21
002815,3.8682634730538923,崇达技术,17.150,17.540,2.27,10:22
603444,3.7078651685393256,吉比特,122.140,123.900,1.44,10:22
600271,3.65987460815047,航天信息,28.020,28.620,2.14,10:22
300588,3.4237288135593222,熙菱信息,10.820,10.940,1.11,10:22
603228,3.3881578947368425,景旺电子,54.900,55.660,1.38,10:22
000829,3.2943037974683542,天音控股,8.780,8.930,1.71,10:22
300550,3.1431767337807606,和仁科技,36.700,37.320,1.69,10:22
300584,2.987012987012987,海辰药业,32.580,33.560,3.01,10:22
002419,2.9261744966442955,天虹股份,11.510,11.670,1.39,10:22
603458,2.830547112462006,勘设股份,39.040,39.440,1.02,10:22
002691,2.7582644628099175,冀凯股份,9.390,9.610,2.34,10:22
300212,2.739273927392739,易华录,27.880,28.860,3.52,10:22
002741,2.7316735822959886,光华科技,14.730,14.900,1.15,10:22
603658,2.7131782945736433,安图生物,70.170,72.250,2.96,10:22
002792,2.6959247648902824,通宇通讯,22.360,23.220,3.85,10:22
002293,2.6913425345043915,罗莱生活,11.910,12.040,1.09,10:22
002464,2.6533592989289194,众应互联,9.690,10.180,5.06,10:22
002930,2.64525993883792,宏川智慧,32.920,33.890,2.95,10:22
600536,3.9930114358322744,中国软件,27.930,29.070,4.08,10:23
300550,3.9355742296918765,和仁科技,36.700,37.320,1.69,10:23
600990,3.680297397769517,四创电子,35.230,35.810,1.65,10:23
300091,3.366610214814154,金通灵,10.000,10.950,9.50,10:23
300015,3.2468955441928413,爱尔眼科,32.350,32.970,1.92,10:23
300430,3.1844660194174756,诚益通,8.400,8.540,1.67,10:23
000829,3.108993448481239,天音控股,8.780,8.900,1.37,10:23
002268,3.0555555555555554,卫 士 通,19.220,20.800,8.22,10:23
600195,3.007889546351085,中牧股份,12.610,12.740,1.03,10:23
300003,3.004679144385027,乐普医疗,32.390,33.350,2.96,10:23
600271,2.9012345679012346,航天信息,28.020,28.600,2.07,10:23
603458,2.8753993610223643,勘设股份,39.040,39.440,1.02,10:23
300597,2.8548387096774195,吉大通信,14.050,14.300,1.78,10:23
002419,2.853403141361256,天虹股份,11.510,11.680,1.48,10:23
603398,2.8407224958949095,邦宝益智,15.190,15.650,3.03,10:23
603043,2.8291536050156743,广州酒家,24.590,25.240,2.64,10:23
300563,2.7564102564102564,神宇股份,24.140,24.440,1.24,10:23
002353,2.7521929824561404,杰瑞股份,18.600,18.890,1.56,10:23
600867,3.9543802987484864,通化东宝,21.640,21.890,1.16,10:24
300550,3.6493506493506493,和仁科技,36.700,37.270,1.55,10:24
603658,3.56020942408377,安图生物,70.170,72.530,3.36,10:24
300003,3.4612432847275514,乐普医疗,32.390,33.400,3.12,10:24
002876,3.403614457831325,三利谱,51.400,52.480,2.10,10:24
300091,3.398563734290844,金通灵,10.000,10.960,9.60,10:24
603180,3.3687943262411344,金牌厨柜,67.650,68.470,1.21,10:24
300037,3.05,新宙邦,23.010,23.470,2.00,10:24
300563,3.0069930069930066,神宇股份,24.140,24.440,1.24,10:24
600195,2.991886409736308,中牧股份,12.610,12.740,1.03,10:24
002419,2.9863013698630136,天虹股份,11.510,11.690,1.56,10:24
300684,2.9411764705882355,中石科技,84.160,87.500,3.97,10:24
300541,2.8915662650602414,先进数通,12.950,13.090,1.08,10:24
600520,2.8466076696165192,文一科技,16.450,16.810,2.19,10:24
300430,2.839007501442585,诚益通,8.400,8.540,1.67,10:24
300395,2.8298368298368297,菲利华,15.840,16.030,1.20,10:24
603010,2.8125,万盛股份,15.640,15.880,1.53,10:24
600761,2.731264637002342,安徽合力,9.980,10.210,2.30,10:24
603912,4.066791510611735,佳力图,14.180,14.580,2.82,10:25
300601,3.592233009708738,康泰生物,41.880,45.200,7.93,10:25
002929,3.462686567164179,润建通信,33.900,34.500,1.77,10:25
300037,3.316532258064516,新宙邦,23.010,23.450,1.91,10:25
002930,3.2678983833718243,宏川智慧,32.920,33.770,2.58,10:25
603899,3.259259259259259,晨光文具,28.780,29.400,2.15,10:25
002648,3.182326621923937,卫星石化,9.380,10.180,8.53,10:25
002410,3.147622427253371,广联达,28.990,30.350,4.69,10:25
600195,3.0729166666666665,中牧股份,12.610,12.740,1.03,10:25
300430,3.0673316708229423,诚益通,8.400,8.560,1.90,10:25
300003,3.025965379494008,乐普医疗,32.390,33.380,3.06,10:25
601233,2.955064737242955,桐昆股份,17.590,17.960,2.10,10:25
002419,2.9331184528605965,天虹股份,11.510,11.690,1.56,10:25
300253,2.89440203562341,卫宁健康,12.770,12.990,1.72,10:25
300711,2.8616352201257866,广哈通信,17.930,18.360,2.40,10:25
300395,2.8490298154283007,菲利华,15.840,16.000,1.01,10:25
300550,2.80561122244489,和仁科技,36.700,37.330,1.72,10:25
603010,2.795031055900621,万盛股份,15.640,15.860,1.41,10:25
300615,3.9355992844364938,欣天科技,17.600,17.780,1.02,10:26
603658,3.560311284046693,安图生物,70.170,72.600,3.46,10:26
603899,3.4462616822429903,晨光文具,28.780,29.370,2.05,10:26
300308,3.3651226158038146,中际旭创,48.180,50.020,3.82,10:26
603569,3.343313373253493,长久物流,14.150,14.320,1.20,10:26
300597,3.297045101088647,吉大通信,14.050,14.300,1.78,10:26
300037,3.1608133086876156,新宙邦,23.010,23.460,1.96,10:26
600536,3.111702127659574,中国软件,27.930,29.170,4.44,10:26
600867,3.101617795753286,通化东宝,21.640,21.890,1.16,10:26
300430,3.0676020408163263,诚益通,8.400,8.540,1.67,10:26
300638,3.024193548387097,广和通,27.990,28.470,1.71,10:26
603010,3.0100334448160537,万盛股份,15.640,15.850,1.34,10:26
300146,2.9849137931034484,汤臣倍健,19.900,20.640,3.72,10:26
002223,2.974169741697417,鱼跃医疗,18.090,18.560,2.60,10:26
300423,2.960526315789474,鲁亿通,20.700,21.060,1.74,10:26
300347,2.945945945945946,泰格医药,59.740,60.780,1.74,10:26
000975,2.9368421052631577,银泰资源,8.920,9.100,2.02,10:26
002488,2.8416313559322033,金固股份,11.430,12.220,6.91,10:26
603658,4.315960912052117,安图生物,70.170,72.570,3.42,10:27
300615,4.110612855007473,欣天科技,17.600,17.780,1.02,10:27
300046,3.7714041095890414,台基股份,15.830,16.470,4.04,10:27
300136,3.5925925925925926,信维通信,33.380,34.750,4.10,10:27
300597,3.4176182707993474,吉大通信,14.050,14.280,1.64,10:27
300638,3.3256880733944953,广和通,27.990,28.410,1.50,10:27
600867,3.264314928425358,通化东宝,21.640,22.000,1.66,10:27
002563,3.208603417796111,森马服饰,11.680,11.950,2.31,10:27
300630,3.189655172413793,普利制药,65.970,68.700,4.14,10:27
603010,3.1357388316151202,万盛股份,15.640,15.840,1.28,10:27
603569,3.047882136279926,长久物流,14.150,14.320,1.20,10:27
002488,3.0369318181818183,金固股份,11.430,12.230,7.00,10:27
603712,2.935627081021088,七一二,22.400,22.770,1.65,10:27
002007,2.924393723252496,华兰生物,32.450,32.820,1.14,10:27
002223,2.9216654904728303,鱼跃医疗,18.090,18.580,2.71,10:27
601808,2.9075492341356677,中海油服,10.330,10.580,2.42,10:27
300620,2.8594249201277955,光库科技,41.890,42.810,2.20,10:27
300572,2.8089887640449436,安车检测,45.400,46.000,1.32,10:27
300615,4.198473282442748,欣天科技,17.600,17.780,1.02,10:28
300423,3.8297872340425534,鲁亿通,20.700,21.040,1.64,10:28
300572,3.5517241379310347,安车检测,45.400,46.000,1.32,10:28
002419,3.4018264840182653,天虹股份,11.510,11.690,1.56,10:28
603127,3.279569892473118,昭衍新药,50.120,50.770,1.30,10:28
300597,3.169440242057489,吉大通信,14.050,14.290,1.71,10:28
300601,3.0932203389830506,康泰生物,41.880,45.000,7.45,10:28
300620,3.0756013745704465,光库科技,41.890,42.800,2.17,10:28
603569,3.012589928057554,长久物流,14.150,14.300,1.06,10:28
600728,2.921978582355941,佳都科技,7.260,7.340,1.10,10:28
603010,2.906050955414013,万盛股份,15.640,15.840,1.28,10:28
300653,2.873563218390805,正海生物,59.000,59.770,1.31,10:28
002488,2.825052854122622,金固股份,11.430,12.230,7.00,10:28
600760,2.8124999999999996,中航沈飞,35.340,35.700,1.02,10:28
300667,2.7314814814814814,必创科技,30.200,31.120,3.05,10:28
002912,2.678571428571429,中新赛克,96.750,98.580,1.89,10:28
600498,2.653061224489796,烽火通信,30.980,32.300,4.26,10:28
300658,2.6136363636363638,延江股份,16.030,17.150,6.99,10:28
300572,4.188034188034187,安车检测,45.400,46.000,1.32,10:29
300423,3.4090909090909087,鲁亿通,20.700,21.050,1.69,10:29
002773,3.3636363636363638,康弘药业,47.880,48.360,1.00,10:29
002410,3.3196384552177487,广联达,28.990,30.400,4.86,10:29
300347,3.189655172413793,泰格医药,59.740,60.700,1.61,10:29
300620,3.1850533807829184,光库科技,41.890,42.820,2.22,10:29
603228,3.15625,景旺电子,54.900,55.980,1.97,10:29
603569,3.1367041198501875,长久物流,14.150,14.300,1.06,10:29
000938,3.10126582278481,紫光股份,45.180,46.620,3.19,10:29
000063,2.8894241798577656,中兴通讯,14.500,15.360,5.93,10:29
603010,2.8605015673981193,万盛股份,15.640,15.840,1.28,10:29
002223,2.817258883248731,鱼跃医疗,18.090,18.570,2.65,10:29
002916,2.8169014084507045,深南电路,65.310,68.400,4.73,10:29
603083,2.800875273522976,剑桥科技,27.020,28.360,4.96,10:29
600195,2.774122807017544,中牧股份,12.610,12.780,1.35,10:29
603936,2.6881720430107525,博敏电子,17.980,18.280,1.67,10:29
002866,2.665016501650165,传艺科技,13.700,14.460,5.55,10:29
002065,2.6309117929888974,东华软件,8.700,8.870,1.95,10:29
603912,4.225032425421531,佳力图,14.180,14.570,2.75,10:30
300572,4.166666666666667,安车检测,45.400,46.000,1.32,10:30
002410,4.082926829268293,广联达,28.990,30.350,4.69,10:30
000963,3.824091778202677,华东医药,44.480,45.190,1.60,10:30
300638,3.5891089108910887,广和通,27.990,28.400,1.46,10:30
603180,3.298611111111111,金牌厨柜,67.650,68.590,1.39,10:30
002419,3.2445923460898505,天虹股份,11.510,11.690,1.56,10:30
600521,3.225265511458916,华海药业,19.730,20.550,4.16,10:30
300454,3.0882352941176467,深信服,98.880,102.800,3.96,10:30
300578,3.0588235294117645,会畅通讯,19.670,19.970,1.53,10:30
603881,2.9393939393939394,数据港,34.730,35.970,3.57,10:30
300620,2.857142857142857,光库科技,41.890,42.840,2.27,10:30
000938,2.8488372093023258,紫光股份,45.180,46.600,3.14,10:30
600498,2.844611528822055,烽火通信,30.980,32.250,4.10,10:30
603010,2.816358024691358,万盛股份,15.640,15.850,1.34,10:30
002065,2.810889326211227,东华软件,8.700,8.870,1.95,10:30
603083,2.7472527472527473,剑桥科技,27.020,28.370,5.00,10:30
603659,2.67515923566879,璞泰来,49.420,50.420,2.02,10:30
300572,3.9183673469387754,安车检测,45.400,45.930,1.17,10:31
603083,3.7037037037037037,剑桥科技,27.020,28.180,4.29,10:31
002419,3.680555555555556,天虹股份,11.510,11.670,1.39,10:31
603180,3.467153284671533,金牌厨柜,67.650,68.550,1.33,10:31
300550,3.3238636363636362,和仁科技,36.700,37.170,1.28,10:31
002544,3.2286995515695067,杰赛科技,11.680,11.980,2.57,10:31
600810,3.15028901734104,神马股份,18.150,18.560,2.26,10:31
603010,2.967479674796748,万盛股份,15.640,15.830,1.21,10:31
300687,2.967032967032967,赛意信息,20.730,20.950,1.06,10:31
002866,2.8841463414634148,传艺科技,13.700,14.570,6.35,10:31
300490,2.739602169981917,华自科技,13.420,13.790,2.76,10:31
300552,2.6878612716763004,万集科技,17.660,17.880,1.25,10:31
600610,2.676080171473696,*ST毅达,1.400,1.460,4.29,10:31
002065,2.619528028774454,东华软件,8.700,8.860,1.84,10:31
300630,2.5542168674698793,普利制药,65.970,68.970,4.55,10:31
300037,2.5458715596330275,新宙邦,23.010,23.410,1.74,10:31
002268,2.5316455696202533,卫 士 通,19.220,20.900,8.74,10:31
300288,2.516025641025641,朗玛信息,13.900,14.670,5.54,10:31
300572,3.922764227642276,安车检测,45.400,46.000,1.32,10:32
300630,3.19277108433735,普利制药,65.970,68.750,4.21,10:32
603010,3.168402777777778,万盛股份,15.640,15.800,1.02,10:32
300122,3.0606544293695133,智飞生物,40.660,41.200,1.33,10:32
300550,3.0,和仁科技,36.700,37.110,1.12,10:32
300584,2.870967741935484,海辰药业,32.580,33.520,2.89,10:32
603315,2.7121001390820583,福鞍股份,11.500,11.780,2.43,10:32
600610,2.6622690331280294,*ST毅达,1.400,1.470,5.00,10:32
300384,2.661290322580645,三联虹普,35.600,36.230,1.77,10:32
002065,2.6606215255627452,东华软件,8.700,8.850,1.72,10:32
300612,2.631578947368421,宣亚国际,18.560,18.760,1.08,10:32
300667,2.4450549450549453,必创科技,30.200,30.900,2.32,10:32
000048,2.434108527131783,*ST康达,22.550,22.800,1.11,10:32
002362,2.389830508474576,汉王科技,18.090,18.780,3.81,10:32
603444,2.325581395348837,吉比特,122.140,123.770,1.33,10:32
300322,2.299092676604018,硕贝德,8.420,8.860,5.23,10:32
600397,2.2706915855654124,*ST安煤,2.060,2.140,3.88,10:32
603989,2.2336769759450172,艾华集团,20.670,21.090,2.03,10:32
300392,4.439906651108518,腾信股份,8.990,9.810,9.12,10:33
002223,4.2191435768261965,鱼跃医疗,18.090,18.670,3.21,10:33
002268,4.216317767042405,卫 士 通,19.220,20.950,9.00,10:33
300572,3.987603305785124,安车检测,45.400,46.000,1.32,10:33
300313,3.9591836734693877,天山生物,8.730,8.850,1.37,10:33
000661,3.7869822485207103,长春高新,212.750,214.970,1.04,10:33
300122,3.607660455486543,智飞生物,40.660,41.180,1.28,10:33
603444,3.19672131147541,吉比特,122.140,123.900,1.44,10:33
300604,3.046218487394958,长川科技,40.110,41.580,3.66,10:33
300136,2.9260450160771705,信维通信,33.380,34.500,3.36,10:33
600345,2.8691813804173356,长江通信,25.030,25.750,2.88,10:33
000048,2.8339350180505414,*ST康达,22.550,22.800,1.11,10:33
600610,2.817107068716794,*ST毅达,1.400,1.460,4.29,10:33
600271,2.7938071780436315,航天信息,28.020,28.370,1.25,10:33
600867,2.787846481876332,通化东宝,21.640,21.950,1.43,10:33
300584,2.78125,海辰药业,32.580,33.580,3.07,10:33
603912,2.767031118587048,佳力图,14.180,14.380,1.41,10:33
300037,2.766798418972332,新宙邦,23.010,23.370,1.56,10:33
300144,4.779523568170299,宋城演艺,25.600,25.890,1.13,10:34
603912,3.983790523690773,佳力图,14.180,14.410,1.62,10:34
300313,3.8415841584158414,天山生物,8.730,8.860,1.49,10:34
002223,3.5197588747488275,鱼跃医疗,18.090,18.680,3.26,10:34
002281,3.1144781144781146,光迅科技,23.270,23.890,2.66,10:34
300658,2.9819616685456594,延江股份,16.030,17.000,6.05,10:34
603444,2.9729729729729732,吉比特,122.140,123.880,1.42,10:34
000048,2.788632326820604,*ST康达,22.550,22.810,1.15,10:34
600610,2.765374467221433,*ST毅达,1.400,1.460,4.29,10:34
002896,2.604166666666667,中大力德,36.380,36.930,1.51,10:34
300146,2.600896860986547,汤臣倍健,19.900,20.550,3.27,10:34
600397,2.5945623658478416,*ST安煤,2.060,2.150,4.37,10:34
603083,2.577319587628866,剑桥科技,27.020,28.170,4.26,10:34
300612,2.526690391459075,宣亚国际,18.560,18.780,1.19,10:34
300222,2.526315789473684,科大智能,17.360,17.560,1.15,10:34
600271,2.4926542605288935,航天信息,28.020,28.390,1.32,10:34
002741,2.4811557788944723,光华科技,14.730,14.950,1.49,10:34
603659,2.4752475247524752,璞泰来,49.420,50.340,1.86,10:34
300620,3.918269230769231,光库科技,41.890,42.700,1.93,10:35
300313,3.73795761078998,天山生物,8.730,8.860,1.49,10:35
000938,3.506849315068493,紫光股份,45.180,46.280,2.43,10:35
600345,3.256997455470738,长江通信,25.030,25.660,2.52,10:35
603658,3.25,安图生物,70.170,72.400,3.18,10:35
000619,3.1738248224551913,海螺型材,6.660,6.860,3.00,10:35
300357,2.9120879120879124,我武生物,39.150,40.780,4.16,10:35
600610,2.8872869790390876,*ST毅达,1.400,1.470,5.00,10:35
300423,2.8668478260869565,鲁亿通,20.700,20.980,1.35,10:35
300684,2.7777777777777777,中石科技,84.160,86.880,3.23,10:35
000048,2.773851590106007,*ST康达,22.550,22.810,1.15,10:35
603018,2.643585614600107,中设集团,17.180,17.830,3.78,10:35
002866,2.5987708516242316,传艺科技,13.700,14.540,6.13,10:35
603315,2.563202247191011,福鞍股份,11.500,11.730,2.00,10:35
600397,2.5457764524996502,*ST安煤,2.060,2.150,4.37,10:35
600271,2.47093023255814,航天信息,28.020,28.370,1.25,10:35
002741,2.459526774595268,光华科技,14.730,14.910,1.22,10:35
300504,2.405857740585774,天邑股份,31.670,32.270,1.89,10:35
300620,3.8995215311004787,光库科技,41.890,42.690,1.91,10:36
300313,3.88,天山生物,8.730,8.860,1.49,10:36
300144,3.6659021406727827,宋城演艺,25.600,25.950,1.37,10:36
000938,3.5471204188481673,紫光股份,45.180,46.290,2.46,10:36
300612,3.289156626506024,宣亚国际,18.560,18.780,1.19,10:36
300392,3.2609445018958976,腾信股份,8.990,9.810,9.12,10:36
300383,3.1947743467933494,光环新网,14.760,15.010,1.69,10:36
002841,2.967032967032967,视源股份,57.290,58.300,1.76,10:36
603315,2.8076923076923075,福鞍股份,11.500,11.740,2.09,10:36
000048,2.798573975044563,*ST康达,22.550,22.810,1.15,10:36
002410,2.780269058295964,广联达,28.990,30.420,4.93,10:36
600610,2.722961079601017,*ST毅达,1.400,1.460,4.29,10:36
300604,2.68,长川科技,40.110,41.550,3.59,10:36
600345,2.6778242677824267,长江通信,25.030,25.680,2.60,10:36
600990,2.6323119777158777,四创电子,35.230,35.870,1.82,10:36
600179,2.5938892425206874,安通控股,9.890,10.010,1.21,10:36
000739,2.5888324873096447,普洛药业,7.160,7.240,1.12,10:36
002741,2.57496740547588,光华科技,14.730,14.910,1.22,10:36
300392,4.577179264407762,腾信股份,8.990,9.890,10.01,10:37
600867,4.431372549019608,通化东宝,21.640,21.920,1.29,10:37
300313,3.766990291262136,天山生物,8.730,8.850,1.37,10:37
603081,3.5860058309037903,大丰实业,12.910,13.400,3.80,10:37
300620,3.574561403508772,光库科技,41.890,42.700,1.93,10:37
300572,3.4375,安车检测,45.400,45.900,1.10,10:37
300658,3.262839879154078,延江股份,16.030,17.100,6.67,10:37
300347,3.178807947019868,泰格医药,59.740,60.620,1.47,10:37
002260,3.0454577790424704,*ST德奥,2.820,2.920,3.55,10:37
300146,2.99931833674165,汤臣倍健,19.900,20.460,2.81,10:37
600345,2.838137472283814,长江通信,25.030,25.680,2.60,10:37
300373,2.833583208395802,扬杰科技,28.680,29.000,1.12,10:37
000048,2.798573975044563,*ST康达,22.550,22.810,1.15,10:37
002916,2.794117647058824,深南电路,65.310,68.580,5.01,10:37
600763,2.763157894736842,通策医疗,52.480,54.920,4.65,10:37
603315,2.7484939759036147,福鞍股份,11.500,11.770,2.35,10:37
002902,2.713178294573644,铭普光磁,26.500,26.850,1.32,10:37
300037,2.605042016806723,新宙邦,23.010,23.400,1.69,10:37
300392,3.9642662797025214,腾信股份,8.990,9.870,9.79,10:38
300313,3.9034205231388333,天山生物,8.730,8.820,1.03,10:38
600763,3.8297872340425534,通策医疗,52.480,55.020,4.84,10:38
002410,3.5806451612903225,广联达,28.990,30.350,4.69,10:38
300658,3.441422594142259,延江股份,16.030,17.110,6.74,10:38
002260,3.364062840933886,*ST德奥,2.820,2.930,3.90,10:38
603658,3.2206405693950177,安图生物,70.170,72.560,3.41,10:38
600547,3.2034555712270802,山东黄金,22.390,22.970,2.59,10:38
300134,3.1529769665362886,大富科技,11.330,11.920,5.21,10:38
600079,3.0753373313343326,人福医药,12.350,12.570,1.78,10:38
300698,2.979381443298969,万马科技,17.380,18.480,6.33,10:38
600634,2.9274743159393752,*ST富控,2.170,2.260,4.15,10:38
300602,2.817531305903399,飞荣达,39.810,40.400,1.48,10:38
300308,2.8043478260869565,中际旭创,48.180,49.600,2.95,10:38
603713,2.8,密尔克卫,44.860,45.510,1.45,10:38
000048,2.798573975044563,*ST康达,22.550,22.810,1.15,10:38
002675,2.707203718048025,东诚药业,8.940,9.260,3.58,10:38
002741,2.5974025974025974,光华科技,14.730,14.950,1.49,10:38
600867,4.043377226955848,通化东宝,21.640,21.870,1.06,10:39
603899,3.6530612244897958,晨光文具,28.780,29.100,1.11,10:39
300658,3.301698301698302,延江股份,16.030,17.120,6.80,10:39
002260,3.240792199262365,*ST德奥,2.820,2.930,3.90,10:39
300612,3.1760204081632653,宣亚国际,18.560,18.800,1.29,10:39
300588,3.173374613003096,熙菱信息,10.820,11.030,1.94,10:39
600547,3.0597515944947973,山东黄金,22.390,23.000,2.72,10:39
603315,2.7861445783132526,福鞍股份,11.500,11.760,2.26,10:39
002741,2.7210884353741496,光华科技,14.730,14.960,1.56,10:39
002362,2.7107652399481195,汉王科技,18.090,18.590,2.76,10:39
603319,2.641025641025641,湘油泵,24.040,25.270,5.12,10:39
600634,2.5557317414420297,*ST富控,2.170,2.260,4.15,10:39
300134,2.5437636761487967,大富科技,11.330,11.880,4.85,10:39
603042,2.5132275132275135,华脉科技,16.150,16.480,2.04,10:39
603659,2.5,璞泰来,49.420,50.320,1.82,10:39
002912,2.441860465116279,中新赛克,96.750,97.900,1.19,10:39
300602,2.428139183055976,飞荣达,39.810,40.350,1.36,10:39
600610,2.341991341991342,*ST毅达,1.400,1.470,5.00,10:39
600867,4.07103825136612,通化东宝,21.640,21.860,1.02,10:40
600547,3.8907363420427554,山东黄金,22.390,22.950,2.50,10:40
002260,3.3676325747758025,*ST德奥,2.820,2.920,3.55,10:40
002153,3.3073727933541015,石基信息,33.800,34.480,2.01,10:40
600271,3.1557653405259614,航天信息,28.020,28.320,1.07,10:40
603658,3.136645962732919,安图生物,70.170,72.850,3.82,10:40
300658,2.9680150517403576,延江股份,16.030,17.100,6.67,10:40
300454,2.9473684210526314,深信服,98.880,102.300,3.46,10:40
603899,2.8253968253968256,晨光文具,28.780,29.150,1.29,10:40
002912,2.7564102564102564,中新赛克,96.750,98.030,1.32,10:40
603315,2.7361319340329833,福鞍股份,11.500,11.770,2.35,10:40
600570,2.6741130091984235,恒生电子,49.990,50.590,1.20,10:40
300588,2.6685393258426964,熙菱信息,10.820,11.070,2.31,10:40
300384,2.6333333333333333,三联虹普,35.600,36.250,1.83,10:40
600634,2.557043432296714,*ST富控,2.170,2.260,4.15,10:40
002841,2.53968253968254,视源股份,57.290,58.030,1.29,10:40
002741,2.5316455696202533,光华科技,14.730,14.960,1.56,10:40
300373,2.525380710659898,扬杰科技,28.680,29.060,1.32,10:40
300136,3.8945578231292513,信维通信,33.380,34.350,2.91,10:41
600867,3.6775362318840576,通化东宝,21.640,21.900,1.20,10:41
600547,3.29097605893186,山东黄金,22.390,22.970,2.59,10:41
600345,3.253182461103253,长江通信,25.030,25.650,2.48,10:41
002281,3.2386363636363633,光迅科技,23.270,23.780,2.19,10:41
002260,3.140380709461055,*ST德奥,2.820,2.910,3.19,10:41
300392,3.10561797752809,腾信股份,8.990,9.870,9.79,10:41
002430,3.084192439862543,杭氧股份,13.000,13.170,1.31,10:41
603877,3.0434782608695654,太平鸟,24.700,25.310,2.47,10:41
603180,2.987421383647799,金牌厨柜,67.650,68.570,1.36,10:41
300046,2.8922815945716707,台基股份,15.830,16.370,3.41,10:41
603315,2.8649921507064366,福鞍股份,11.500,11.780,2.43,10:41
300134,2.861696910250123,大富科技,11.330,11.860,4.68,10:41
300620,2.8397212543554007,光库科技,41.890,42.800,2.17,10:41
002353,2.72972972972973,杰瑞股份,18.600,18.790,1.02,10:41
600990,2.633744855967078,四创电子,35.230,35.800,1.62,10:41
002396,2.6123046875,星网锐捷,19.690,19.950,1.32,10:41
600570,2.5870348139255697,恒生电子,49.990,50.500,1.02,10:41
300136,3.4652665589660745,信维通信,33.380,34.390,3.03,10:42
300122,3.419182948490231,智飞生物,40.660,41.320,1.62,10:42
603877,3.3002481389578167,太平鸟,24.700,25.310,2.47,10:42
603081,3.2587412587412588,大丰实业,12.910,13.870,7.44,10:42
002260,3.087970860805016,*ST德奥,2.820,2.910,3.19,10:42
603180,3.0254777070063694,金牌厨柜,67.650,68.600,1.40,10:42
002430,3.0122324159021403,杭氧股份,13.000,13.170,1.31,10:42
300658,2.8544061302681993,延江股份,16.030,17.000,6.05,10:42
002741,2.8530670470756063,光华科技,14.730,14.970,1.63,10:42
300738,2.827380952380952,奥飞数据,48.400,49.710,2.71,10:42
300326,2.724739970282318,凯利泰,9.940,10.160,2.21,10:42
000932,2.569093493367025,华菱钢铁,10.070,10.370,2.98,10:42
300134,2.530251318647223,大富科技,11.330,11.860,4.68,10:42
603138,2.5301204819277108,海量数据,21.310,22.480,5.49,10:42
300357,2.4545454545454546,我武生物,39.150,40.780,4.16,10:42
600990,2.4521072796934864,四创电子,35.230,35.740,1.45,10:42
600634,2.4459567654123298,*ST富控,2.170,2.260,4.15,10:42
600179,2.2865853658536586,安通控股,9.890,10.020,1.31,10:42
300136,3.6294416243654823,信维通信,33.380,34.390,3.03,10:43
300684,3.4482758620689653,中石科技,84.160,87.200,3.61,10:43
600498,3.3890577507598785,烽火通信,30.980,31.900,2.97,10:43
300738,3.3216783216783217,奥飞数据,48.400,49.630,2.54,10:43
002881,3.3137254901960786,美格智能,20.660,20.960,1.45,10:43
603196,3.206896551724138,日播时尚,10.630,10.810,1.69,10:43
002120,3.1447963800904977,韵达股份,43.920,45.450,3.48,10:43
603180,3.104575163398693,金牌厨柜,67.650,68.600,1.40,10:43
603877,3.0858468677494204,太平鸟,24.700,25.320,2.51,10:43
600271,3.083497698882314,航天信息,28.020,28.360,1.21,10:43
600987,3.0744336569579285,航民股份,9.270,9.370,1.08,10:43
300122,2.9835082458770614,智飞生物,40.660,41.310,1.60,10:43
002260,2.9741131775411938,*ST德奥,2.820,2.910,3.19,10:43
002930,2.88860103626943,宏川智慧,32.920,33.780,2.61,10:43
002912,2.8301886792452833,中新赛克,96.750,98.050,1.34,10:43
600810,2.7987278509768285,神马股份,18.150,18.690,2.98,10:43
002876,2.757575757575758,三利谱,51.400,52.210,1.58,10:43
300604,2.735294117647059,长川科技,40.110,41.440,3.32,10:43
600201,4.174015650229785,生物股份,15.820,16.020,1.26,10:44
002912,3.5789473684210527,中新赛克,96.750,98.000,1.29,10:44
300392,3.4710335747202103,腾信股份,8.990,9.820,9.23,10:44
603180,3.392857142857143,金牌厨柜,67.650,68.600,1.40,10:44
000938,3.2987012987012987,紫光股份,45.180,46.010,1.84,10:44
002684,2.960843373493976,猛狮科技,6.990,7.480,7.01,10:44
002396,2.942238267148014,星网锐捷,19.690,19.890,1.02,10:44
002223,2.899262899262899,鱼跃医疗,18.090,18.580,2.71,10:44
300496,2.8260869565217392,中科创达,27.670,28.000,1.19,10:44
603605,2.82258064516129,珀莱雅,41.570,42.800,2.96,10:44
300572,2.807539682539683,安车检测,45.400,45.870,1.04,10:44
603877,2.7708333333333335,太平鸟,24.700,25.310,2.47,10:44
300136,2.764175257731959,信维通信,33.380,34.400,3.06,10:44
300628,2.5892857142857144,亿联网络,62.120,63.700,2.54,10:44
603713,2.5279106858054226,密尔克卫,44.860,45.520,1.47,10:44
002741,2.525252525252525,光华科技,14.730,14.940,1.43,10:44
300588,2.5,熙菱信息,10.820,11.020,1.85,10:44
002789,2.477064220183486,建艺集团,34.040,34.410,1.09,10:44
300667,4.051724137931035,必创科技,30.200,31.480,4.24,10:45
600201,3.679710621506083,生物股份,15.820,16.010,1.20,10:45
603877,3.419023136246787,太平鸟,24.700,25.300,2.43,10:45
300146,3.063251437532671,汤臣倍健,19.900,20.370,2.36,10:45
600990,2.978142076502732,四创电子,35.230,35.750,1.48,10:45
603138,2.9229122055674517,海量数据,21.310,22.420,5.21,10:45
300584,2.857142857142857,海辰药业,32.580,33.600,3.13,10:45
600867,2.8126964173475804,通化东宝,21.640,21.860,1.02,10:45
600326,2.801036941023979,西藏天路,7.750,8.270,6.71,10:45
603713,2.775831873905429,密尔克卫,44.860,45.510,1.45,10:45
000066,2.678314718566847,中国长城,7.470,7.570,1.34,10:45
002827,2.6222222222222222,高争民爆,16.320,16.800,2.94,10:45
601069,2.6212184003315375,西部黄金,15.760,16.270,3.24,10:45
300572,2.596330275229358,安车检测,45.400,45.870,1.04,10:45
300392,2.563664006081338,腾信股份,8.990,9.840,9.45,10:45
600547,2.5335018963337546,山东黄金,22.390,22.960,2.55,10:45
002741,2.509410288582183,光华科技,14.730,14.930,1.36,10:45
600271,2.5,航天信息,28.020,28.320,1.07,10:45
300633,3.717472118959108,开立医疗,31.780,32.370,1.86,10:46
603877,3.5,太平鸟,24.700,25.230,2.15,10:46
300392,3.2287285668068586,腾信股份,8.990,9.830,9.34,10:46
300188,3.1766200762388817,美亚柏科,18.080,18.360,1.55,10:46
600867,2.90720311486048,通化东宝,21.640,21.860,1.02,10:46
300003,2.880085653104925,乐普医疗,32.390,32.970,1.79,10:46
002741,2.873563218390805,光华科技,14.730,14.930,1.36,10:46
603138,2.8139013452914803,海量数据,21.310,22.380,5.02,10:46
300618,2.727272727272727,寒锐钴业,124.900,126.900,1.60,10:46
600547,2.6685393258426964,山东黄金,22.390,22.960,2.55,10:46
002281,2.6486129458388374,光迅科技,23.270,23.600,1.42,10:46
300560,2.5949367088607596,中富通,19.260,19.490,1.19,10:46
300572,2.582116788321168,安车检测,45.400,45.870,1.04,10:46
000429,2.492581602373887,粤高速Ａ,7.540,7.620,1.06,10:46
300146,2.4818840579710146,汤臣倍健,19.900,20.360,2.31,10:46
603066,2.416576964477933,音飞储存,10.020,10.390,3.69,10:46
002876,2.3821989528795813,三利谱,51.400,52.280,1.71,10:46
600634,2.3695463110595734,*ST富控,2.170,2.250,3.69,10:46
603877,3.3928571428571432,太平鸟,24.700,25.200,2.02,10:47
300667,3.0572289156626504,必创科技,30.200,31.370,3.87,10:47
300454,2.947761194029851,深信服,98.880,101.560,2.71,10:47
300037,2.9285714285714284,新宙邦,23.010,23.330,1.39,10:47
603042,2.8378378378378373,华脉科技,16.150,16.490,2.11,10:47
600345,2.8346456692913384,长江通信,25.030,25.400,1.48,10:47
002741,2.8328611898017,光华科技,14.730,14.960,1.56,10:47
600547,2.817718652703085,山东黄金,22.390,22.950,2.50,10:47
000752,2.783505154639175,西藏发展,8.260,8.360,1.21,10:47
601069,2.773460848774656,西部黄金,15.760,16.290,3.36,10:47
300572,2.752918287937743,安车检测,45.400,45.870,1.04,10:47
300202,2.687637969094923,聚龙股份,9.750,10.180,4.41,10:47
300577,2.5943396226415096,开润股份,35.650,36.080,1.21,10:47
603658,2.5700934579439254,安图生物,70.170,73.320,4.49,10:47
300633,2.4796747967479673,开立医疗,31.780,32.160,1.20,10:47
603315,2.3741007194244603,福鞍股份,11.500,11.780,2.43,10:47
300322,2.368995633187773,硕贝德,8.420,8.880,5.46,10:47
600610,2.3330355148536968,*ST毅达,1.400,1.460,4.29,10:47
300684,3.6971830985915495,中石科技,84.160,86.280,2.52,10:48
000938,3.1842818428184283,紫光股份,45.180,45.800,1.37,10:48
002120,2.972560975609756,韵达股份,43.920,45.580,3.78,10:48
600498,2.9120409906063194,烽火通信,30.980,31.700,2.32,10:48
300454,2.8494623655913975,深信服,98.880,101.980,3.14,10:48
300572,2.7316602316602316,安车检测,45.400,45.860,1.01,10:48
603659,2.7027027027027026,璞泰来,49.420,50.220,1.62,10:48
002741,2.541296060991106,光华科技,14.730,14.970,1.63,10:48
300313,2.478386167146974,天山生物,8.730,8.880,1.72,10:48
300134,2.471048060220035,大富科技,11.330,11.840,4.50,10:48
000401,2.463678516228748,冀东水泥,11.670,11.790,1.03,10:48
600610,2.4433065106071687,*ST毅达,1.400,1.470,5.00,10:48
300392,2.405355493998153,腾信股份,8.990,9.650,7.34,10:48
600634,2.371468773676805,*ST富控,2.170,2.240,3.23,10:48
300322,2.3546302943287865,硕贝德,8.420,8.870,5.34,10:48
300012,2.292138300061741,华测检测,5.650,5.790,2.48,10:48
002410,2.2852233676975944,广联达,28.990,30.080,3.76,10:48
603799,2.280966767371601,华友钴业,52.180,53.310,2.17,10:48
002120,3.5169491525423733,韵达股份,43.920,45.560,3.73,10:49
603797,3.3641160949868074,联泰环保,14.000,14.170,1.21,10:49
600498,3.0399181166837255,烽火通信,30.980,31.690,2.29,10:49
300037,2.7864583333333335,新宙邦,23.010,23.310,1.30,10:49
300684,2.74468085106383,中石科技,84.160,86.450,2.72,10:49
600990,2.5104602510460254,四创电子,35.230,35.680,1.28,10:49
300134,2.4939717533585943,大富科技,11.330,11.830,4.41,10:49
000938,2.4444444444444446,紫光股份,45.180,45.890,1.57,10:49
600634,2.4247272727272726,*ST富控,2.170,2.250,3.69,10:49
300003,2.324364723467862,乐普医疗,32.390,32.940,1.70,10:49
600725,2.318986847245735,ST云维,2.300,2.350,2.17,10:49
600610,2.3182319182091136,*ST毅达,1.400,1.460,4.29,10:49
600987,2.2885283893395134,航民股份,9.270,9.380,1.19,10:49
002691,2.2415940224159403,冀凯股份,9.390,9.510,1.28,10:49
601869,2.223557692307692,长飞光纤,47.090,49.900,5.97,10:49
300584,2.2149122807017543,海辰药业,32.580,33.660,3.31,10:49
002563,2.204081632653061,森马服饰,11.680,11.880,1.71,10:49
603806,2.1881188118811883,福斯特,22.720,22.960,1.06,10:49
603797,3.4818941504178276,联泰环保,14.000,14.170,1.21,10:50
603799,3.1986531986531985,华友钴业,52.180,53.350,2.24,10:50
300047,3.183918669131238,天源迪科,13.800,14.060,1.88,10:50
002120,3.035714285714286,韵达股份,43.920,45.410,3.39,10:50
300308,2.8672566371681416,中际旭创,48.180,49.380,2.49,10:50
601069,2.8575851393188856,西部黄金,15.760,16.240,3.05,10:50
603228,2.8252032520325208,景旺电子,54.900,56.000,2.00,10:50
600536,2.704339051463169,中国软件,27.930,28.610,2.43,10:50
300003,2.669753086419753,乐普医疗,32.390,32.940,1.70,10:50
603315,2.5847457627118646,福鞍股份,11.500,11.820,2.78,10:50
300134,2.5372050816696916,大富科技,11.330,11.800,4.15,10:50
002896,2.4,中大力德,36.380,36.870,1.35,10:50
600610,2.363476330794841,*ST毅达,1.400,1.470,5.00,10:50
603806,2.3333333333333335,福斯特,22.720,22.950,1.01,10:50
600725,2.2617006413920113,ST云维,2.300,2.350,2.17,10:50
600179,2.248566961959354,安通控股,9.890,10.020,1.31,10:50
600634,2.243641501816714,*ST富控,2.170,2.250,3.69,10:50
300584,2.234513274336283,海辰药业,32.580,33.670,3.35,10:50
300684,3.9606126914660833,中石科技,84.160,85.940,2.12,10:51
603797,3.4818941504178276,联泰环保,14.000,14.170,1.21,10:51
600201,3.163157894736842,生物股份,15.820,15.980,1.01,10:51
603138,3.0864197530864197,海量数据,21.310,22.360,4.93,10:51
603568,2.9166666666666665,伟明环保,26.740,27.840,4.11,10:51
603315,2.742857142857143,福鞍股份,11.500,11.800,2.61,10:51
601069,2.7114577084583087,西部黄金,15.760,16.240,3.05,10:51
603658,2.5925925925925926,安图生物,70.170,73.800,5.17,10:51
002120,2.587064676616915,韵达股份,43.920,45.490,3.57,10:51
002594,2.486979166666667,比亚迪,41.690,42.750,2.54,10:51
600610,2.4344879221342164,*ST毅达,1.400,1.470,5.00,10:51
300588,2.4014778325123154,熙菱信息,10.820,11.060,2.22,10:51
300047,2.3377926421404682,天源迪科,13.800,14.050,1.81,10:51
300003,2.248743718592965,乐普医疗,32.390,32.970,1.79,10:51
300012,2.245133453742725,华测检测,5.650,5.780,2.30,10:51
002741,2.2443181818181817,光华科技,14.730,14.970,1.63,10:51
600634,2.2204890812116336,*ST富控,2.170,2.250,3.69,10:51
002179,2.210099750623441,中航光电,40.870,41.300,1.05,10:51
300392,3.9016897081413213,腾信股份,8.990,9.800,9.01,10:52
600521,3.4722222222222223,华海药业,19.730,20.560,4.21,10:52
300684,3.421550094517958,中石科技,84.160,86.010,2.20,10:52
603797,3.3512064343163543,联泰环保,14.000,14.170,1.21,10:52
603138,3.3333333333333335,海量数据,21.310,22.370,4.97,10:52
002120,3.2201086956521743,韵达股份,43.920,45.480,3.55,10:52
002594,2.883435582822086,比亚迪,41.690,42.740,2.52,10:52
000989,2.802734375,九 芝 堂,13.500,13.670,1.26,10:52
600385,2.638036809815951,山东金泰,10.100,10.220,1.19,10:52
300134,2.573551263001486,大富科技,11.330,11.700,3.27,10:52
600201,2.5466101694915255,生物股份,15.820,15.980,1.01,10:52
600345,2.5437415881561236,长江通信,25.030,25.480,1.80,10:52
300003,2.3776223776223775,乐普医疗,32.390,32.950,1.73,10:52
600610,2.372813839675253,*ST毅达,1.400,1.470,5.00,10:52
002179,2.3079427083333335,中航光电,40.870,41.330,1.13,10:52
603659,2.2123893805309733,璞泰来,49.420,50.220,1.62,10:52
300146,2.200402819738167,汤臣倍健,19.900,20.190,1.46,10:52
600725,2.199370991613222,ST云维,2.300,2.350,2.17,10:52
300392,3.6432869499811953,腾信股份,8.990,9.810,9.12,10:53
300684,3.528265107212476,中石科技,84.160,86.290,2.53,10:53
603797,3.516174402250352,联泰环保,14.000,14.160,1.14,10:53
603602,3.3692722371967654,纵横通信,25.160,25.590,1.71,10:53
300620,2.931654676258993,光库科技,41.890,42.770,2.10,10:53
300454,2.688172043010753,深信服,98.880,102.580,3.74,10:53
603138,2.6652452025586353,海量数据,21.310,22.410,5.16,10:53
002594,2.581453634085213,比亚迪,41.690,42.720,2.47,10:53
002110,2.447049924357035,三钢闽光,19.980,20.380,2.00,10:53
002120,2.4324324324324325,韵达股份,43.920,45.480,3.55,10:53
002741,2.3907910271546635,光华科技,14.730,14.930,1.36,10:53
603039,2.3728813559322037,泛微网络,88.560,89.650,1.23,10:53
603659,2.3696682464454977,璞泰来,49.420,50.250,1.68,10:53
002179,2.324590163934426,中航光电,40.870,41.280,1.00,10:53
300667,2.28878648233487,必创科技,30.200,31.390,3.94,10:53
603912,2.2747747747747744,佳力图,14.180,14.400,1.55,10:53
300738,2.234042553191489,奥飞数据,48.400,49.270,1.80,10:53
600725,2.199370991613222,ST云维,2.300,2.350,2.17,10:53
603797,3.5511363636363633,联泰环保,14.000,14.170,1.21,10:54
603912,3.466357940615636,佳力图,14.180,14.370,1.34,10:54
300136,3.441127694859038,信维通信,33.380,33.980,1.80,10:54
300684,3.2386363636363633,中石科技,84.160,86.370,2.63,10:54
600763,3.16,通策医疗,52.480,54.600,4.04,10:54
300601,3.1287726358148893,康泰生物,41.880,45.880,9.55,10:54
300326,3.0990191499299393,凯利泰,9.940,10.300,3.62,10:54
603043,3.0042918454935625,广州酒家,24.590,24.920,1.34,10:54
002260,2.9725013958682305,*ST德奥,2.820,2.910,3.19,10:54
600345,2.906474820143885,长江通信,25.030,25.420,1.56,10:54
300667,2.89568345323741,必创科技,30.200,31.250,3.48,10:54
603799,2.875,华友钴业,52.180,53.060,1.69,10:54
300681,2.727272727272727,英搏尔,45.770,46.370,1.31,10:54
600213,2.641752577319587,亚星客车,7.760,7.840,1.03,10:54
603081,2.5984251968503935,大丰实业,12.910,13.520,4.73,10:54
300322,2.59163802978236,硕贝德,8.420,8.880,5.46,10:54
300122,2.590759075907591,智飞生物,40.660,41.280,1.52,10:54
603659,2.577319587628866,璞泰来,49.420,50.220,1.62,10:54
603912,3.685116145683969,佳力图,14.180,14.350,1.20,10:55
603568,3.4615384615384617,伟明环保,26.740,27.700,3.59,10:55
603081,3.3616298811544993,大丰实业,12.910,13.490,4.49,10:55
603602,3.17258883248731,纵横通信,25.160,25.580,1.67,10:55
300308,3.1502242152466366,中际旭创,48.180,49.380,2.49,10:55
603797,3.0902348578491963,联泰环保,14.000,14.170,1.21,10:55
600345,3.050359712230216,长江通信,25.030,25.420,1.56,10:55
002260,3.0076267595687587,*ST德奥,2.820,2.910,3.19,10:55
600536,2.6989335520918787,中国软件,27.930,28.970,3.72,10:55
002120,2.5555555555555554,韵达股份,43.920,45.470,3.53,10:55
300146,2.495049504950495,汤臣倍健,19.900,20.270,1.86,10:55
600588,2.448453608247423,用友网络,27.680,28.300,2.24,10:55
300322,2.399063779988297,硕贝德,8.420,8.900,5.70,10:55
600634,2.3578676675006953,*ST富控,2.170,2.240,3.23,10:55
600810,2.331252438548576,神马股份,18.150,18.900,4.13,10:55
600610,2.3007986801154896,*ST毅达,1.400,1.460,4.29,10:55
002153,2.2946859903381642,石基信息,33.800,34.530,2.16,10:55
002930,2.2335025380710656,宏川智慧,32.920,33.600,2.07,10:55
603180,3.939393939393939,金牌厨柜,67.650,68.490,1.24,10:56
600536,3.9309210526315788,中国软件,27.930,28.850,3.29,10:56
300136,3.7186379928315416,信维通信,33.380,33.910,1.59,10:56
603081,3.688380281690141,大丰实业,12.910,13.460,4.26,10:56
603912,3.6302142051860207,佳力图,14.180,14.350,1.20,10:56
603797,3.3112582781456954,联泰环保,14.000,14.150,1.07,10:56
603138,3.0339805825242716,海量数据,21.310,22.380,5.02,10:56
600150,2.9943714821763603,*ST船舶,10.600,11.110,4.81,10:56
002260,2.9803473491773307,*ST德奥,2.820,2.920,3.55,10:56
600498,2.945736434108527,烽火通信,30.980,31.590,1.97,10:56
603315,2.6278409090909087,福鞍股份,11.500,11.840,2.96,10:56
603568,2.5135135135135136,伟明环保,26.740,27.610,3.25,10:56
002268,2.5,卫 士 通,19.220,20.490,6.61,10:56
600260,2.470725995316159,凯乐科技,21.440,21.730,1.35,10:56
002120,2.363013698630137,韵达股份,43.920,45.470,3.53,10:56
603799,2.3006833712984056,华友钴业,52.180,52.970,1.51,10:56
600345,2.289416846652268,长江通信,25.030,25.430,1.60,10:56
300322,2.251510159253158,硕贝德,8.420,8.880,5.46,10:56
603912,4.065656565656566,佳力图,14.180,14.350,1.20,10:57
600536,3.592964824120603,中国软件,27.930,28.800,3.11,10:57
603180,3.4482758620689653,金牌厨柜,67.650,68.450,1.18,10:57
002260,3.4152049791677386,*ST德奥,2.820,2.930,3.90,10:57
600498,3.212172442941674,烽火通信,30.980,31.640,2.13,10:57
603797,3.1969309462915607,联泰环保,14.000,14.150,1.07,10:57
603602,3.0717488789237666,纵横通信,25.160,25.660,1.99,10:57
300628,2.73224043715847,亿联网络,62.120,62.810,1.11,10:57
000975,2.7122641509433962,银泰资源,8.920,9.100,2.02,10:57
603568,2.671641791044776,伟明环保,26.740,27.630,3.33,10:57
300046,2.646153846153846,台基股份,15.830,16.450,3.92,10:57
300684,2.608695652173913,中石科技,84.160,86.150,2.36,10:57
300620,2.566964285714286,光库科技,41.890,42.580,1.65,10:57
002153,2.5,石基信息,33.800,34.410,1.80,10:57
603315,2.4069148936170213,福鞍股份,11.500,11.840,2.96,10:57
603081,2.3404255319148937,大丰实业,12.910,13.550,4.96,10:57
600987,2.331759149940968,航民股份,9.270,9.380,1.19,10:57
300322,2.3007856341189674,硕贝德,8.420,8.880,5.46,10:57
